Date,Workout Name,Duration,Exercise Name,Set Order,Weight,Reps,Distance,Seconds,Notes,Workout Notes,RPE
2023-11-27 17:51:02,"Afternoon Workout",1m,"Rowing (Machine)",1,0,0,1000.0,2755,"","",
2023-11-30 17:19:38,"Full Body C",1h 1m,"Bulgarian Split Squat",1,80.0,12,0,0,"","",
2023-11-30 17:19:38,"Full Body C",1h 1m,"Bulgarian Split Squat",2,80.0,12,0,0,,,
2023-11-30 17:19:38,"Full Body C",1h 1m,"Bulgarian Split Squat",3,80.0,12,0,0,,,
2023-11-30 17:19:38,"Full Body C",1h 1m,"Overhead Press (Barbell)",1,50.0,12,0,0,"",,
2023-11-30 17:19:38,"Full Body C",1h 1m,"Overhead Press (Barbell)",2,50.0,12,0,0,,,
2023-11-30 17:19:38,"Full Body C",1h 1m,"Overhead Press (Barbell)",3,50.0,8,0,0,,,
2023-11-30 17:19:38,"Full Body C",1h 1m,"Incline Bench Press (Dumbbell)",1,40.0,8,0,0,"Waiting on lighter dumbbells\n",,
2023-11-30 17:19:38,"Full Body C",1h 1m,"Incline Bench Press (Dumbbell)",2,40.0,8,0,0,,,
2023-11-30 17:19:38,"Full Body C",1h 1m,"Chest Fly (Dumbbell)",1,25.0,12,0,0,"Relatively easy",,
2023-11-30 17:19:38,"Full Body C",1h 1m,"Chest Fly (Dumbbell)",2,25.0,12,0,0,,,
2023-11-30 17:19:38,"Full Body C",1h 1m,"Chest Fly (Dumbbell)",3,25.0,12,0,0,,,
2023-11-30 17:19:38,"Full Body C",1h 1m,"Leg Extension (Machine)",1,160.0,12,0,0,"Just curious andy galpin said should be able to do body weight",,
2023-11-30 17:19:38,"Full Body C",1h 1m,"Face Pull (Cable)",1,15.0,12,0,0,"",,
2023-11-30 17:19:38,"Full Body C",1h 1m,"Face Pull (Cable)",2,15.0,12,0,0,,,
2023-11-30 17:19:38,"Full Body C",1h 1m,"Seated Row (Cable)",1,65.0,12,0,0,"",,
2023-11-30 17:19:38,"Full Body C",1h 1m,"Seated Row (Cable)",2,65.0,12,0,0,,,
2023-11-30 17:19:38,"Full Body C",1h 1m,"Lat Pulldown (Cable)",1,100.0,12,0,0,"Bicep grip",,
2023-11-30 17:19:38,"Full Body C",1h 1m,"Lat Pulldown (Cable)",2,100.0,12,0,0,,,
2023-11-30 17:19:38,"Full Body C",1h 1m,"Lat Pulldown (Cable)",3,100.0,12,0,0,,,
2023-11-30 17:19:38,"Full Body C",1h 1m,"Hammer Curl (Dumbbell)",1,22.5,12,0,0,"",,
2023-11-30 17:19:38,"Full Body C",1h 1m,"Hammer Curl (Dumbbell)",2,22.5,12,0,0,,,
2023-11-30 17:19:38,"Full Body C",1h 1m,"Plank",1,0,0,0,60,"",,
2023-12-04 08:07:53,"Full Body B",59m,"Pull Up",1,0,10,0,0,"","",
2023-12-04 08:07:53,"Full Body B",59m,"Pull Up",2,0,8,0,0,,,
2023-12-04 08:07:53,"Full Body B",59m,"Pull Up",3,0,6,0,0,,,
2023-12-04 08:07:53,"Full Body B",59m,"Squat (Barbell)",1,165.0,12,0,0,"",,
2023-12-04 08:07:53,"Full Body B",59m,"Squat (Barbell)",2,165.0,12,0,0,,,
2023-12-04 08:07:53,"Full Body B",59m,"Squat (Barbell)",3,165.0,12,0,0,,,
2023-12-04 08:07:53,"Full Body B",59m,"Deadlift (Barbell)",1,121.0,12,0,0,"",,
2023-12-04 08:07:53,"Full Body B",59m,"Deadlift (Barbell)",2,121.0,12,0,0,,,
2023-12-04 08:07:53,"Full Body B",59m,"Seated Row (Cable)",1,65.0,12,0,0,"",,
2023-12-04 08:07:53,"Full Body B",59m,"Seated Row (Cable)",2,65.0,12,0,0,,,
2023-12-04 08:07:53,"Full Body B",59m,"Seated Row (Cable)",3,65.0,8,0,0,,,
2023-12-04 08:07:53,"Full Body B",59m,"Bicep Curl (Dumbbell)",1,25.0,12,0,0,"",,
2023-12-04 08:07:53,"Full Body B",59m,"Bicep Curl (Dumbbell)",2,25.0,12,0,0,,,
2023-12-04 08:07:53,"Full Body B",59m,"Bicep Curl (Dumbbell)",3,25.0,12,0,0,,,
2023-12-04 08:07:53,"Full Body B",59m,"Triceps Extension",1,25.0,12,0,0,"",,
2023-12-04 08:07:53,"Full Body B",59m,"Triceps Extension",2,25.0,12,0,0,,,
2023-12-04 08:07:53,"Full Body B",59m,"Torso Rotation (Machine)",1,100.0,12,0,0,"",,
2023-12-04 08:07:53,"Full Body B",59m,"Torso Rotation (Machine)",2,100.0,12,0,0,,,
2023-12-04 08:07:53,"Full Body B",59m,"Torso Rotation (Machine)",3,100.0,12,0,0,,,
2023-12-06 08:32:40,"Full Body A",55h 22m,"Squat (Barbell)",1,176.0,12,0,0,"","",
2023-12-06 08:32:40,"Full Body A",55h 22m,"Squat (Barbell)",2,176.0,12,0,0,,,
2023-12-06 08:32:40,"Full Body A",55h 22m,"Squat (Barbell)",3,135.0,12,0,0,,,
2023-12-06 08:32:40,"Full Body A",55h 22m,"Bench Press (Barbell)",1,121.0,12,0,0,"",,
2023-12-06 08:32:40,"Full Body A",55h 22m,"Bench Press (Barbell)",2,121.0,12,0,0,,,
2023-12-06 08:32:40,"Full Body A",55h 22m,"Bench Press (Barbell)",3,121.0,12,0,0,,,
2023-12-06 08:32:40,"Full Body A",55h 22m,"Bent Over Row (Barbell)",1,77.0,12,0,0,"",,
2023-12-06 08:32:40,"Full Body A",55h 22m,"Bent Over Row (Barbell)",2,77.0,12,0,0,,,
2023-12-06 08:32:40,"Full Body A",55h 22m,"Bent Over Row (Barbell)",3,77.0,12,0,0,,,
2023-12-06 08:32:40,"Full Body A",55h 22m,"Pull Up",1,0,5,0,0,"",,
2023-12-06 08:32:40,"Full Body A",55h 22m,"Pull Up",2,0,5,0,0,,,
2023-12-06 08:32:40,"Full Body A",55h 22m,"Pull Up",3,0,5,0,0,,,
2023-12-08 15:55:48,"Full Body A",63h 35m,"Squat (Barbell)",1,185.00000000000003,12,0,0,"","",
2023-12-08 15:55:48,"Full Body A",63h 35m,"Squat (Barbell)",2,185.00000000000003,12,0,0,,,
2023-12-08 15:55:48,"Full Body A",63h 35m,"Squat (Barbell)",3,185.00000000000003,12,0,0,,,
2023-12-08 15:55:48,"Full Body A",63h 35m,"Bench Press (Barbell)",1,135.0,12,0,0,"",,
2023-12-08 15:55:48,"Full Body A",63h 35m,"Bench Press (Barbell)",2,125.0,12,0,0,,,
2023-12-08 15:55:48,"Full Body A",63h 35m,"Bench Press (Barbell)",3,115.0,12,0,0,,,
2023-12-08 15:55:48,"Full Body A",63h 35m,"Arnold Press (Dumbbell)",1,15.0,12,0,0,"",,
2023-12-08 15:55:48,"Full Body A",63h 35m,"Arnold Press (Dumbbell)",2,15.0,12,0,0,,,
2023-12-08 15:55:48,"Full Body A",63h 35m,"Arnold Press (Dumbbell)",3,15.0,12,0,0,,,
2023-12-08 15:55:48,"Full Body A",63h 35m,"Russian Twist",1,0,20,0,0,"",,
2023-12-08 15:55:48,"Full Body A",63h 35m,"Front Raise (Dumbbell)",1,10.0,12,0,0,"",,
2023-12-08 15:55:48,"Full Body A",63h 35m,"Front Raise (Dumbbell)",2,10.0,12,0,0,,,
2023-12-11 08:10:06,"Full Body C",1h 12m,"Bulgarian Split Squat",1,100.0,12,0,0,"","",
2023-12-11 08:10:06,"Full Body C",1h 12m,"Bulgarian Split Squat",2,80.0,12,0,0,,,
2023-12-11 08:10:06,"Full Body C",1h 12m,"Bulgarian Split Squat",3,80.0,12,0,0,,,
2023-12-11 08:10:06,"Full Body C",1h 12m,"Good Morning (Barbell)",1,88.0,12,0,0,"",,
2023-12-11 08:10:06,"Full Body C",1h 12m,"Good Morning (Barbell)",2,88.0,12,0,0,,,
2023-12-11 08:10:06,"Full Body C",1h 12m,"Good Morning (Barbell)",3,88.0,12,0,0,,,
2023-12-11 08:10:06,"Full Body C",1h 12m,"Incline Row (Dumbbell)",1,45.0,12,0,0,"",,
2023-12-11 08:10:06,"Full Body C",1h 12m,"Incline Row (Dumbbell)",2,45.0,12,0,0,,,
2023-12-11 08:10:06,"Full Body C",1h 12m,"Incline Row (Dumbbell)",3,45.0,12,0,0,,,
2023-12-11 08:10:06,"Full Body C",1h 12m,"Leg Extension (Machine)",1,160.0,12,0,0,"",,
2023-12-11 08:10:06,"Full Body C",1h 12m,"Leg Extension (Machine)",2,160.0,12,0,0,,,
2023-12-11 08:10:06,"Full Body C",1h 12m,"Leg Extension (Machine)",3,160.0,12,0,0,,,
2023-12-11 08:10:06,"Full Body C",1h 12m,"Seated Leg Curl (Machine)",1,70.0,12,0,0,"",,
2023-12-11 08:10:06,"Full Body C",1h 12m,"Seated Leg Curl (Machine)",2,70.0,12,0,0,,,
2023-12-11 08:10:06,"Full Body C",1h 12m,"Seated Leg Curl (Machine)",3,70.0,12,0,0,,,
2023-12-11 08:10:06,"Full Body C",1h 12m,"Lat Pulldown (Cable)",1,85.0,12,0,0,"Wide grip",,
2023-12-11 08:10:06,"Full Body C",1h 12m,"Lat Pulldown (Cable)",2,85.0,12,0,0,,,
2023-12-11 08:10:06,"Full Body C",1h 12m,"Lat Pulldown (Cable)",3,85.0,12,0,0,,,
2023-12-11 08:10:06,"Full Body C",1h 12m,"Seated Row (Cable)",1,60.0,12,0,0,"",,
2023-12-11 08:10:06,"Full Body C",1h 12m,"Seated Row (Cable)",2,60.0,12,0,0,,,
2023-12-11 08:10:06,"Full Body C",1h 12m,"Triceps Extension",1,32.5,12,0,0,"",,
2023-12-11 08:10:06,"Full Body C",1h 12m,"Triceps Extension",2,32.5,12,0,0,,,
2023-12-11 08:10:06,"Full Body C",1h 12m,"Bicep Curl (Barbell)",1,60.0,8,0,0,"",,
2023-12-11 08:10:06,"Full Body C",1h 12m,"Bicep Curl (Barbell)",2,60.0,8,0,0,,,
2023-12-11 08:10:06,"Full Body C",1h 12m,"Bicep Curl (Barbell)",3,60.0,8,0,0,,,
2023-12-12 08:05:27,"Morning Workout",1h 1m,"Seated Leg Curl (Machine)",1,80.0,12,0,0,"","",
2023-12-12 08:05:27,"Morning Workout",1h 1m,"Seated Leg Curl (Machine)",2,80.0,12,0,0,,,
2023-12-12 08:05:27,"Morning Workout",1h 1m,"Seated Leg Curl (Machine)",3,80.0,12,0,0,,,
2023-12-12 08:05:27,"Morning Workout",1h 1m,"Leg Extension (Machine)",1,145.0,12,0,0,"",,
2023-12-12 08:05:27,"Morning Workout",1h 1m,"Leg Extension (Machine)",2,145.0,12,0,0,,,
2023-12-12 08:05:27,"Morning Workout",1h 1m,"Leg Extension (Machine)",3,145.0,12,0,0,,,
2023-12-12 08:05:27,"Morning Workout",1h 1m,"Face Pull (Cable)",1,20.0,12,0,0,"",,
2023-12-12 08:05:27,"Morning Workout",1h 1m,"Face Pull (Cable)",2,20.0,12,0,0,,,
2023-12-12 08:05:27,"Morning Workout",1h 1m,"Face Pull (Cable)",3,20.0,12,0,0,,,
2023-12-12 08:05:27,"Morning Workout",1h 1m,"Cable Twist",1,20.0,12,0,0,"",,
2023-12-12 08:05:27,"Morning Workout",1h 1m,"Cable Twist",2,20.0,12,0,0,,,
2023-12-12 08:05:27,"Morning Workout",1h 1m,"Cable Twist",3,20.0,12,0,0,,,
2023-12-12 08:05:27,"Morning Workout",1h 1m,"Pull Up",1,0,12,0,0,"",,
2023-12-12 08:05:27,"Morning Workout",1h 1m,"Pull Up",2,0,7,0,0,,,
2023-12-12 08:05:27,"Morning Workout",1h 1m,"Pull Up",3,0,6,0,0,,,
2023-12-12 08:05:27,"Morning Workout",1h 1m,"Pull Up",4,0,4,0,0,,,
2023-12-12 08:05:27,"Morning Workout",1h 1m,"Chest Dip",1,0,12,0,0,"",,
2023-12-12 08:05:27,"Morning Workout",1h 1m,"Chest Dip",2,0,12,0,0,,,
2023-12-12 08:05:27,"Morning Workout",1h 1m,"Chest Dip",3,0,12,0,0,,,
2023-12-12 08:05:27,"Morning Workout",1h 1m,"Standing Calf Raise (Barbell)",1,60.0,12,0,0,"Unilateral\n",,
2023-12-12 08:05:27,"Morning Workout",1h 1m,"Standing Calf Raise (Barbell)",2,60.0,12,0,0,,,
2023-12-12 08:05:27,"Morning Workout",1h 1m,"Bicep Curl (Barbell)",1,60.0,10,0,0,"",,
2023-12-12 08:05:27,"Morning Workout",1h 1m,"Bicep Curl (Barbell)",2,60.0,8,0,0,,,
2023-12-12 08:05:27,"Morning Workout",1h 1m,"Bicep Curl (Barbell)",3,60.0,7,0,0,,,
2023-12-13 19:24:38,"Evening Workout",46h 39m,"Squat (Barbell)",1,185.00000000000003,12,0,0,"","",
2023-12-13 19:24:38,"Evening Workout",46h 39m,"Squat (Barbell)",2,205.0,5,0,0,,,
2023-12-13 19:24:38,"Evening Workout",46h 39m,"Squat (Barbell)",3,225.0,5,0,0,,,
2023-12-13 19:24:38,"Evening Workout",46h 39m,"Squat (Barbell)",4,225.0,5,0,0,,,
2023-12-13 19:24:38,"Evening Workout",46h 39m,"Squat (Barbell)",5,185.00000000000003,12,0,0,,,
2023-12-13 19:24:38,"Evening Workout",46h 39m,"Deadlift (Barbell)",1,135.0,12,0,0,"",,
2023-12-13 19:24:38,"Evening Workout",46h 39m,"Deadlift (Barbell)",2,135.0,12,0,0,,,
2023-12-13 19:24:38,"Evening Workout",46h 39m,"Deadlift (Barbell)",3,135.0,12,0,0,,,
2023-12-13 19:24:38,"Evening Workout",46h 39m,"Strict Military Press (Barbell)",1,45.0,12,0,0,"",,
2023-12-13 19:24:38,"Evening Workout",46h 39m,"Strict Military Press (Barbell)",2,45.0,12,0,0,,,
2023-12-13 19:24:38,"Evening Workout",46h 39m,"Strict Military Press (Barbell)",3,45.0,10,0,0,,,
2023-12-13 19:24:38,"Evening Workout",46h 39m,"Lateral Raise (Dumbbell)",1,12.5,12,0,0,"",,
2023-12-13 19:24:38,"Evening Workout",46h 39m,"Lateral Raise (Dumbbell)",2,12.5,12,0,0,,,
2023-12-13 19:24:38,"Evening Workout",46h 39m,"Lateral Raise (Dumbbell)",3,12.5,10,0,0,,,
2023-12-13 19:24:38,"Evening Workout",46h 39m,"Front Raise (Barbell)",1,25.0,12,0,0,"",,
2023-12-13 19:24:38,"Evening Workout",46h 39m,"Front Raise (Barbell)",2,25.0,12,0,0,,,
2023-12-13 19:24:38,"Evening Workout",46h 39m,"Front Raise (Barbell)",3,25.0,12,0,0,,,
2023-12-13 19:24:38,"Evening Workout",46h 39m,"Bicep Curl (Barbell)",1,40.0,20,0,0,"Ez curl",,
2023-12-13 19:24:38,"Evening Workout",46h 39m,"Bicep Curl (Barbell)",2,60.0,8,0,0,,,
2023-12-13 19:24:38,"Evening Workout",46h 39m,"Bicep Curl (Barbell)",3,40.0,12,0,0,,,
2023-12-13 19:24:38,"Evening Workout",46h 39m,"Triceps Extension (Dumbbell)",1,25.0,12,0,0,"",,
2023-12-13 19:24:38,"Evening Workout",46h 39m,"Triceps Extension (Dumbbell)",2,30.0,12,0,0,,,
2023-12-13 19:24:38,"Evening Workout",46h 39m,"Triceps Extension (Dumbbell)",3,30.0,12,0,0,,,
2023-12-15 18:04:35,"Evening Workout",16h 33m,"Pull Up",1,0,10,0,0,"","Close grip",
2023-12-15 18:04:35,"Evening Workout",16h 33m,"Pull Up",2,0,10,0,0,,,
2023-12-15 18:04:35,"Evening Workout",16h 33m,"Pull Up",3,0,7,0,0,,,
2023-12-15 18:04:35,"Evening Workout",16h 33m,"Pull Up",4,0,5,0,0,,,
2023-12-15 18:04:35,"Evening Workout",16h 33m,"Crunch",1,0,50,0,0,"",,
2023-12-15 18:04:35,"Evening Workout",16h 33m,"Crunch",2,0,20,0,0,,,
2023-12-15 18:04:35,"Evening Workout",16h 33m,"Russian Twist",1,0,20,0,0,"",,
2023-12-15 18:04:35,"Evening Workout",16h 33m,"Russian Twist",2,0,20,0,0,,,
2023-12-15 18:04:35,"Evening Workout",16h 33m,"Side Plank",1,0,0,0,30,"",,
2023-12-15 18:04:35,"Evening Workout",16h 33m,"Side Plank",2,0,0,0,30,,,
2023-12-15 18:04:35,"Evening Workout",16h 33m,"Plank",1,0,0,0,60,"",,
2023-12-15 18:04:35,"Evening Workout",16h 33m,"Plank",2,0,0,0,60,,,
2023-12-16 10:38:08,"Morning Workout",1h 56m,"Squat (Barbell)",1,225.0,5,0,0,"Warm up:\n5 reps @ 135\n5 reps @ 205","",
2023-12-16 10:38:08,"Morning Workout",1h 56m,"Squat (Barbell)",2,225.0,5,0,0,,,
2023-12-16 10:38:08,"Morning Workout",1h 56m,"Squat (Barbell)",3,225.0,5,0,0,,,
2023-12-16 10:38:08,"Morning Workout",1h 56m,"Squat (Barbell)",4,225.0,5,0,0,,,
2023-12-16 10:38:08,"Morning Workout",1h 56m,"Squat (Barbell)",5,225.0,5,0,0,,,
2023-12-16 10:38:08,"Morning Workout",1h 56m,"Bench Press (Barbell)",1,135.0,12,0,0,"3x12@135",,
2023-12-16 10:38:08,"Morning Workout",1h 56m,"Bench Press (Barbell)",2,135.0,12,0,0,,,
2023-12-16 10:38:08,"Morning Workout",1h 56m,"Bench Press (Barbell)",3,135.0,12,0,0,,,
2023-12-16 10:38:08,"Morning Workout",1h 56m,"Bench Press (Barbell)",4,155.0,5,0,0,,,
2023-12-16 10:38:08,"Morning Workout",1h 56m,"Bent Over Row (Barbell)",1,65.0,12,0,0,"",,
2023-12-16 10:38:08,"Morning Workout",1h 56m,"Bent Over Row (Barbell)",2,85.0,12,0,0,,,
2023-12-16 10:38:08,"Morning Workout",1h 56m,"Bent Over Row (Barbell)",3,85.0,12,0,0,,,
2023-12-16 10:38:08,"Morning Workout",1h 56m,"Bent Over Row (Barbell)",4,85.0,10,0,0,,,
2023-12-16 10:38:08,"Morning Workout",1h 56m,"Bent Over Row (Barbell)",5,65.0,12,0,0,,,
2023-12-16 10:38:08,"Morning Workout",1h 56m,"Hammer Curl (Dumbbell)",1,30.0,12,0,0,"",,
2023-12-16 10:38:08,"Morning Workout",1h 56m,"Hammer Curl (Dumbbell)",2,30.0,12,0,0,,,
2023-12-16 10:38:08,"Morning Workout",1h 56m,"Hammer Curl (Dumbbell)",3,30.0,5,0,0,,,
2023-12-16 10:38:08,"Morning Workout",1h 56m,"Seated Leg Curl (Machine)",1,100.0,12,0,0,"",,
2023-12-16 10:38:08,"Morning Workout",1h 56m,"Seated Leg Curl (Machine)",2,100.0,12,0,0,,,
2023-12-16 10:38:08,"Morning Workout",1h 56m,"Seated Leg Curl (Machine)",3,100.0,12,0,0,,,
2023-12-16 10:38:08,"Morning Workout",1h 56m,"Chest Dip",1,0,12,0,0,"",,
2023-12-16 10:38:08,"Morning Workout",1h 56m,"Chest Dip",2,0,12,0,0,,,
2023-12-16 10:38:08,"Morning Workout",1h 56m,"Chest Dip",3,0,12,0,0,,,
2023-12-17 09:47:40,"Morning Workout",44m,"Bench Press (Barbell)",1,135.0,12,0,0,"","",
2023-12-17 09:47:40,"Morning Workout",44m,"Bench Press (Barbell)",2,135.0,12,0,0,,,
2023-12-17 09:47:40,"Morning Workout",44m,"Bench Press (Barbell)",3,135.0,12,0,0,,,
2023-12-17 09:47:40,"Morning Workout",44m,"Incline Bench Press (Barbell)",1,65.0,12,0,0,"",,
2023-12-17 09:47:40,"Morning Workout",44m,"Incline Bench Press (Barbell)",2,65.0,12,0,0,,,
2023-12-17 09:47:40,"Morning Workout",44m,"Incline Bench Press (Barbell)",3,65.0,12,0,0,,,
2023-12-17 09:47:40,"Morning Workout",44m,"Decline Bench Press (Barbell)",1,85.0,12,0,0,"",,
2023-12-17 09:47:40,"Morning Workout",44m,"Decline Bench Press (Barbell)",2,85.0,12,0,0,,,
2023-12-17 09:47:40,"Morning Workout",44m,"Decline Bench Press (Barbell)",3,85.0,12,0,0,,,
2023-12-17 09:47:40,"Morning Workout",44m,"Triceps Pushdown (Cable - Straight Bar)",1,30.0,12,0,0,"",,
2023-12-17 09:47:40,"Morning Workout",44m,"Triceps Pushdown (Cable - Straight Bar)",2,30.0,12,0,0,,,
2023-12-17 09:47:40,"Morning Workout",44m,"Triceps Pushdown (Cable - Straight Bar)",3,30.0,12,0,0,,,
2023-12-17 09:47:40,"Morning Workout",44m,"Triceps Extension (Dumbbell)",1,30.0,12,0,0,"",,
2023-12-17 09:47:40,"Morning Workout",44m,"Triceps Extension (Dumbbell)",2,30.0,12,0,0,,,
2023-12-17 09:47:40,"Morning Workout",44m,"Triceps Extension (Dumbbell)",3,30.0,12,0,0,,,
2023-12-17 09:47:40,"Morning Workout",44m,"Triceps Dip",1,0,8,0,0,"",,
2023-12-17 09:47:40,"Morning Workout",44m,"Triceps Dip",2,0,8,0,0,,,
2023-12-17 09:47:40,"Morning Workout",44m,"Triceps Dip",3,0,6,0,0,,,
2023-12-18 18:19:38,"Evening Workout",52m,"Strict Military Press (Barbell)",1,50.0,12,0,0,"","",
2023-12-18 18:19:38,"Evening Workout",52m,"Strict Military Press (Barbell)",2,50.0,12,0,0,,,
2023-12-18 18:19:38,"Evening Workout",52m,"Strict Military Press (Barbell)",3,50.0,12,0,0,,,
2023-12-18 18:19:38,"Evening Workout",52m,"Lateral Raise (Dumbbell)",1,15.0,12,0,0,"",,
2023-12-18 18:19:38,"Evening Workout",52m,"Lateral Raise (Dumbbell)",2,15.0,10,0,0,,,
2023-12-18 18:19:38,"Evening Workout",52m,"Lateral Raise (Dumbbell)",3,15.0,10,0,0,,,
2023-12-18 18:19:38,"Evening Workout",52m,"Front Raise (Dumbbell)",1,10.0,12,0,0,"",,
2023-12-18 18:19:38,"Evening Workout",52m,"Front Raise (Dumbbell)",2,10.0,12,0,0,,,
2023-12-18 18:19:38,"Evening Workout",52m,"Squat (Barbell)",1,198.0,12,0,0,"",,
2023-12-18 18:19:38,"Evening Workout",52m,"Squat (Barbell)",2,198.0,12,0,0,,,
2023-12-18 18:19:38,"Evening Workout",52m,"Squat (Barbell)",3,198.0,12,0,0,,,
2023-12-18 18:19:38,"Evening Workout",52m,"Deadlift (Barbell)",1,135.0,12,0,0,"",,
2023-12-18 18:19:38,"Evening Workout",52m,"Deadlift (Barbell)",2,135.0,12,0,0,,,
2023-12-18 18:19:38,"Evening Workout",52m,"Deadlift (Barbell)",3,176.0,10,0,0,,,
2023-12-19 08:07:06,"Morning Workout",1h 8m,"Pull Up",1,0,10,0,0,"","",
2023-12-19 08:07:06,"Morning Workout",1h 8m,"Pull Up",2,0,10,0,0,,,
2023-12-19 08:07:06,"Morning Workout",1h 8m,"Pull Up",3,0,7,0,0,,,
2023-12-19 08:07:06,"Morning Workout",1h 8m,"Pull Up",4,0,4,0,0,,,
2023-12-19 08:07:06,"Morning Workout",1h 8m,"Bent Over Row (Barbell)",1,88.0,12,0,0,"",,
2023-12-19 08:07:06,"Morning Workout",1h 8m,"Bent Over Row (Barbell)",2,88.0,10,0,0,,,
2023-12-19 08:07:06,"Morning Workout",1h 8m,"Bent Over Row (Barbell)",3,88.0,10,0,0,,,
2023-12-19 08:07:06,"Morning Workout",1h 8m,"Incline Row (Dumbbell)",1,40.0,12,0,0,"",,
2023-12-19 08:07:06,"Morning Workout",1h 8m,"Incline Row (Dumbbell)",2,35.0,12,0,0,,,
2023-12-19 08:07:06,"Morning Workout",1h 8m,"Incline Row (Dumbbell)",3,35.0,12,0,0,,,
2023-12-19 08:07:06,"Morning Workout",1h 8m,"Shrug (Barbell)",1,50.0,20,0,0,"",,
2023-12-19 08:07:06,"Morning Workout",1h 8m,"Shrug (Barbell)",2,50.0,20,0,0,,,
2023-12-19 08:07:06,"Morning Workout",1h 8m,"Shrug (Barbell)",3,50.0,20,0,0,,,
2023-12-19 08:07:06,"Morning Workout",1h 8m,"Hanging Leg Raise",1,0,10,0,0,"Not hangung\n",,
2023-12-19 08:07:06,"Morning Workout",1h 8m,"Hanging Leg Raise",2,0,10,0,0,,,
2023-12-19 08:07:06,"Morning Workout",1h 8m,"Hanging Leg Raise",3,0,10,0,0,,,
2023-12-19 08:07:06,"Morning Workout",1h 8m,"Seated Calf Raise (Plate Loaded)",1,70.0,12,0,0,"",,
2023-12-19 08:07:06,"Morning Workout",1h 8m,"Seated Calf Raise (Plate Loaded)",2,70.0,12,0,0,,,
2023-12-19 08:07:06,"Morning Workout",1h 8m,"Lat Pulldown (Cable)",1,85.0,12,0,0,"",,
2023-12-19 08:07:06,"Morning Workout",1h 8m,"Lat Pulldown (Cable)",2,85.0,12,0,0,,,
2023-12-19 08:07:06,"Morning Workout",1h 8m,"Lat Pulldown (Cable)",3,85.0,12,0,0,,,
2023-12-21 17:07:00,"Afternoon Workout",1h 21m,"Bulgarian Split Squat",1,100.0,12,0,0,"","",
2023-12-21 17:07:00,"Afternoon Workout",1h 21m,"Bulgarian Split Squat",2,100.0,12,0,0,,,
2023-12-21 17:07:00,"Afternoon Workout",1h 21m,"Bulgarian Split Squat",3,100.0,12,0,0,,,
2023-12-21 17:07:00,"Afternoon Workout",1h 21m,"Step-up",1,0,12,0,0,"50lb\n",,
2023-12-21 17:07:00,"Afternoon Workout",1h 21m,"Step-up",2,0,12,0,0,,,
2023-12-21 17:07:00,"Afternoon Workout",1h 21m,"Bench Press (Barbell)",1,143.0,10,0,0,"",,
2023-12-21 17:07:00,"Afternoon Workout",1h 21m,"Bench Press (Barbell)",2,143.0,10,0,0,,,
2023-12-21 17:07:00,"Afternoon Workout",1h 21m,"Bench Press (Barbell)",3,143.0,10,0,0,,,
2023-12-21 17:07:00,"Afternoon Workout",1h 21m,"Decline Bench Press (Barbell)",1,110.0,12,0,0,"",,
2023-12-21 17:07:00,"Afternoon Workout",1h 21m,"Decline Bench Press (Barbell)",2,110.0,12,0,0,,,
2023-12-21 17:07:00,"Afternoon Workout",1h 21m,"Decline Bench Press (Barbell)",3,110.0,12,0,0,,,
2023-12-21 17:07:00,"Afternoon Workout",1h 21m,"Incline Bench Press (Barbell)",1,88.0,12,0,0,"",,
2023-12-21 17:07:00,"Afternoon Workout",1h 21m,"Incline Bench Press (Barbell)",2,66.0,12,0,0,,,
2023-12-21 17:07:00,"Afternoon Workout",1h 21m,"Pull Up",1,0,10,0,0,"Clustered last two",,
2023-12-21 17:07:00,"Afternoon Workout",1h 21m,"Pull Up",2,0,10,0,0,,,
2023-12-21 17:07:00,"Afternoon Workout",1h 21m,"Pull Up",3,0,10,0,0,,,
2023-12-21 17:07:00,"Afternoon Workout",1h 21m,"Pull Up",4,0,8,0,0,,,
2023-12-21 17:07:00,"Afternoon Workout",1h 21m,"Russian Twist",1,0,50,0,0,"",,
2023-12-21 17:07:00,"Afternoon Workout",1h 21m,"Triceps Dip",1,0,12,0,0,"",,
2023-12-21 17:07:00,"Afternoon Workout",1h 21m,"Triceps Dip",2,0,12,0,0,,,
2023-12-21 17:07:00,"Afternoon Workout",1h 21m,"Triceps Dip",3,0,10,0,0,,,
2023-12-22 15:53:14,"Full Body A",1h 20m,"Squat (Barbell)",1,225.0,5,0,0,"","",
2023-12-22 15:53:14,"Full Body A",1h 20m,"Squat (Barbell)",2,245.00000000000003,5,0,0,,,
2023-12-22 15:53:14,"Full Body A",1h 20m,"Squat (Barbell)",3,225.0,5,0,0,,,
2023-12-22 15:53:14,"Full Body A",1h 20m,"Squat (Barbell)",4,225.0,5,0,0,,,
2023-12-22 15:53:14,"Full Body A",1h 20m,"Squat (Barbell)",5,225.0,5,0,0,,,
2023-12-22 15:53:14,"Full Body A",1h 20m,"Bench Press (Dumbbell)",1,100.0,12,0,0,"",,
2023-12-22 15:53:14,"Full Body A",1h 20m,"Bench Press (Dumbbell)",2,100.0,12,0,0,,,
2023-12-22 15:53:14,"Full Body A",1h 20m,"Bench Press (Dumbbell)",3,100.0,12,0,0,,,
2023-12-22 15:53:14,"Full Body A",1h 20m,"Bench Press (Dumbbell)",4,120.0,6,0,0,,,
2023-12-22 15:53:14,"Full Body A",1h 20m,"Incline Chest Fly (Dumbbell)",1,60.0,7,0,0,"",,
2023-12-22 15:53:14,"Full Body A",1h 20m,"Incline Chest Fly (Dumbbell)",2,60.0,12,0,0,,,
2023-12-22 15:53:14,"Full Body A",1h 20m,"Incline Chest Fly (Dumbbell)",3,60.0,12,0,0,,,
2023-12-22 15:53:14,"Full Body A",1h 20m,"Arnold Press (Dumbbell)",1,40.0,12,0,0,"",,
2023-12-22 15:53:14,"Full Body A",1h 20m,"Arnold Press (Dumbbell)",2,40.0,12,0,0,,,
2023-12-22 15:53:14,"Full Body A",1h 20m,"Arnold Press (Dumbbell)",3,40.0,12,0,0,,,
2023-12-22 15:53:14,"Full Body A",1h 20m,"Arnold Press (Dumbbell)",4,40.0,12,0,0,,,
2023-12-22 15:53:14,"Full Body A",1h 20m,"Triceps Dip",1,0,12,0,0,"Assisted 70 towards end",,
2023-12-22 15:53:14,"Full Body A",1h 20m,"Triceps Dip",2,0,12,0,0,,,
2023-12-22 15:53:14,"Full Body A",1h 20m,"Triceps Dip",3,0,12,0,0,,,
2023-12-22 15:53:14,"Full Body A",1h 20m,"Preacher Curl (Barbell)",1,20.0,12,0,0,"",,
2023-12-22 15:53:14,"Full Body A",1h 20m,"Preacher Curl (Barbell)",2,20.0,12,0,0,,,
2023-12-22 15:53:14,"Full Body A",1h 20m,"Preacher Curl (Barbell)",3,20.0,12,0,0,,,
2023-12-22 15:53:14,"Full Body A",1h 20m,"Cable Kickback",1,15.0,12,0,0,"",,
2023-12-22 15:53:14,"Full Body A",1h 20m,"Cable Kickback",2,15.0,12,0,0,,,
2023-12-22 15:53:14,"Full Body A",1h 20m,"Triceps Extension (Dumbbell)",1,30.0,12,0,0,"Isolated one arm 15lb",,
2023-12-22 15:53:14,"Full Body A",1h 20m,"Triceps Extension (Dumbbell)",2,30.0,12,0,0,,,
2023-12-24 10:09:08,"Midday Workout",73h 19m,"Squat (Dumbbell)",1,20.0,12,0,0,"Wirh press","",
2023-12-24 10:09:08,"Midday Workout",73h 19m,"Squat (Dumbbell)",2,20.0,12,0,0,,,
2023-12-24 10:09:08,"Midday Workout",73h 19m,"Squat (Dumbbell)",3,20.0,12,0,0,,,
2023-12-24 10:09:08,"Midday Workout",73h 19m,"Bent Over One Arm Row (Dumbbell)",1,30.0,12,0,0,"A leg ",,
2023-12-24 10:09:08,"Midday Workout",73h 19m,"Bent Over One Arm Row (Dumbbell)",2,30.0,12,0,0,,,
2023-12-24 10:09:08,"Midday Workout",73h 19m,"Bent Over One Arm Row (Dumbbell)",3,30.0,12,0,0,,,
2023-12-24 10:09:08,"Midday Workout",73h 19m,"Push Up",1,0,12,0,0,"Wide grip",,
2023-12-24 10:09:08,"Midday Workout",73h 19m,"Push Up",2,0,12,0,0,,,
2023-12-24 10:09:08,"Midday Workout",73h 19m,"Push Up",3,0,12,0,0,,,
2023-12-24 10:09:08,"Midday Workout",73h 19m,"Lunge (Dumbbell)",1,0.0,10,0,0,"Add knee raise",,
2023-12-24 10:09:08,"Midday Workout",73h 19m,"Lunge (Dumbbell)",2,0.0,10,0,0,,,
2023-12-24 10:09:08,"Midday Workout",73h 19m,"Lunge (Dumbbell)",3,20.0,10,0,0,,,
2023-12-24 10:09:08,"Midday Workout",73h 19m,"Kettlebell Swing",1,35.0,20,0,0,"",,
2023-12-24 10:09:08,"Midday Workout",73h 19m,"Kettlebell Swing",2,35.0,20,0,0,,,
2023-12-24 10:09:08,"Midday Workout",73h 19m,"Kettlebell Swing",3,35.0,20,0,0,,,
2023-12-27 11:29:12,"Midday Workout",15m,"Squat (Dumbbell)",1,25.0,12,0,0,"","",
2023-12-27 11:29:12,"Midday Workout",15m,"Squat (Dumbbell)",2,25.0,12,0,0,,,
2023-12-27 11:29:12,"Midday Workout",15m,"Squat (Dumbbell)",3,25.0,12,0,0,,,
2023-12-27 11:29:12,"Midday Workout",15m,"Bent Over One Arm Row (Dumbbell)",1,35.0,12,0,0,"",,
2023-12-27 11:29:12,"Midday Workout",15m,"Bent Over One Arm Row (Dumbbell)",2,35.0,12,0,0,,,
2023-12-27 11:29:12,"Midday Workout",15m,"Bent Over One Arm Row (Dumbbell)",3,35.0,12,0,0,,,
2023-12-27 11:29:12,"Midday Workout",15m,"Lunge (Dumbbell)",1,20.0,10,0,0,"",,
2023-12-27 11:29:12,"Midday Workout",15m,"Lunge (Dumbbell)",2,20.0,10,0,0,,,
2023-12-27 11:29:12,"Midday Workout",15m,"Lunge (Dumbbell)",3,20.0,10,0,0,,,
2023-12-27 11:29:12,"Midday Workout",15m,"Push Up",1,0,12,0,0,"",,
2023-12-27 11:29:12,"Midday Workout",15m,"Push Up",2,0,12,0,0,,,
2023-12-27 11:29:12,"Midday Workout",15m,"Push Up",3,0,12,0,0,,,
2023-12-27 11:29:12,"Midday Workout",15m,"Kettlebell Swing",1,44.0,20,0,0,"",,
2023-12-27 11:29:12,"Midday Workout",15m,"Kettlebell Swing",2,44.0,20,0,0,,,
2023-12-27 11:29:12,"Midday Workout",15m,"Kettlebell Swing",3,44.0,20,0,0,,,
2023-12-28 09:17:13,"Morning Workout",25m,"Bench Press (Smith Machine)",1,135.0,12,0,0,"","",
2023-12-28 09:17:13,"Morning Workout",25m,"Bench Press (Smith Machine)",2,155.0,12,0,0,,,
2023-12-28 09:17:13,"Morning Workout",25m,"Bench Press (Smith Machine)",3,155.0,12,0,0,,,
2023-12-28 09:17:13,"Morning Workout",25m,"Bench Press (Smith Machine)",4,155.0,12,0,0,,,
2023-12-28 09:17:13,"Morning Workout",25m,"Goblet Squat (Kettlebell)",1,55.0,12,0,0,"",,
2023-12-28 09:17:13,"Morning Workout",25m,"Goblet Squat (Kettlebell)",2,55.0,12,0,0,,,
2023-12-28 09:17:13,"Morning Workout",25m,"Goblet Squat (Kettlebell)",3,55.0,12,0,0,,,
2023-12-28 09:17:13,"Morning Workout",25m,"Bent Over Row (Barbell)",1,95.0,12,0,0,"",,
2023-12-28 09:17:13,"Morning Workout",25m,"Bent Over Row (Barbell)",2,95.0,12,0,0,,,
2023-12-28 09:17:13,"Morning Workout",25m,"Bent Over Row (Barbell)",3,95.0,12,0,0,,,
2024-01-01 15:36:59,"Afternoon Workout",25m,"Squat (Dumbbell)",1,12.5,20,0,0,"","",
2024-01-01 15:36:59,"Afternoon Workout",25m,"Squat (Dumbbell)",2,12.5,20,0,0,,,
2024-01-01 15:36:59,"Afternoon Workout",25m,"Squat (Dumbbell)",3,12.5,20,0,0,,,
2024-01-01 15:36:59,"Afternoon Workout",25m,"Squat (Dumbbell)",4,12.5,20,0,0,,,
2024-01-01 15:36:59,"Afternoon Workout",25m,"Bent Over One Arm Row (Dumbbell)",1,40.0,12,0,0,"",,
2024-01-01 15:36:59,"Afternoon Workout",25m,"Bent Over One Arm Row (Dumbbell)",2,40.0,12,0,0,,,
2024-01-01 15:36:59,"Afternoon Workout",25m,"Bent Over One Arm Row (Dumbbell)",3,40.0,12,0,0,,,
2024-01-01 15:36:59,"Afternoon Workout",25m,"Bent Over One Arm Row (Dumbbell)",4,40.0,12,0,0,,,
2024-01-01 15:36:59,"Afternoon Workout",25m,"Lunge (Dumbbell)",1,20.0,10,0,0,"",,
2024-01-01 15:36:59,"Afternoon Workout",25m,"Lunge (Dumbbell)",2,20.0,10,0,0,,,
2024-01-01 15:36:59,"Afternoon Workout",25m,"Lunge (Dumbbell)",3,20.0,10,0,0,,,
2024-01-01 15:36:59,"Afternoon Workout",25m,"Lunge (Dumbbell)",4,20.0,10,0,0,,,
2024-01-01 15:36:59,"Afternoon Workout",25m,"Push Up",1,0,12,0,0,"",,
2024-01-01 15:36:59,"Afternoon Workout",25m,"Push Up",2,0,12,0,0,,,
2024-01-01 15:36:59,"Afternoon Workout",25m,"Push Up",3,0,12,0,0,,,
2024-01-01 15:36:59,"Afternoon Workout",25m,"Push Up",4,0,12,0,0,,,
2024-01-01 15:36:59,"Afternoon Workout",25m,"Kettlebell Swing",1,44.0,25,0,0,"",,
2024-01-01 15:36:59,"Afternoon Workout",25m,"Kettlebell Swing",2,44.0,25,0,0,,,
2024-01-01 15:36:59,"Afternoon Workout",25m,"Kettlebell Swing",3,44.0,20,0,0,,,
2024-01-01 15:36:59,"Afternoon Workout",25m,"Kettlebell Swing",4,44.0,20,0,0,,,
2024-01-01 15:36:59,"Afternoon Workout",25m,"Crunch",1,0,20,0,0,"",,
2024-01-01 15:36:59,"Afternoon Workout",25m,"Crunch",2,0,20,0,0,,,
2024-01-02 17:36:55,"Full Body C",1h 21m,"Bulgarian Split Squat",1,80.0,12,0,0,"","",
2024-01-02 17:36:55,"Full Body C",1h 21m,"Bulgarian Split Squat",2,80.0,12,0,0,,,
2024-01-02 17:36:55,"Full Body C",1h 21m,"Bulgarian Split Squat",3,80.0,12,0,0,,,
2024-01-02 17:36:55,"Full Body C",1h 21m,"Overhead Press (Barbell)",1,40.0,12,0,0,"",,
2024-01-02 17:36:55,"Full Body C",1h 21m,"Overhead Press (Barbell)",2,40.0,12,0,0,,,
2024-01-02 17:36:55,"Full Body C",1h 21m,"Overhead Press (Barbell)",3,40.0,12,0,0,,,
2024-01-02 17:36:55,"Full Body C",1h 21m,"Face Pull (Cable)",1,20.0,12,0,0,"",,
2024-01-02 17:36:55,"Full Body C",1h 21m,"Face Pull (Cable)",2,20.0,12,0,0,,,
2024-01-02 17:36:55,"Full Body C",1h 21m,"Face Pull (Cable)",3,23.0,12,0,0,,,
2024-01-02 17:36:55,"Full Body C",1h 21m,"Hammer Curl (Dumbbell)",1,25.0,12,0,0,"",,
2024-01-02 17:36:55,"Full Body C",1h 21m,"Hammer Curl (Dumbbell)",2,25.0,12,0,0,,,
2024-01-02 17:36:55,"Full Body C",1h 21m,"Bench Press (Dumbbell)",1,100.0,12,0,0,"",,
2024-01-02 17:36:55,"Full Body C",1h 21m,"Bench Press (Dumbbell)",2,120.0,7,0,0,,,
2024-01-02 17:36:55,"Full Body C",1h 21m,"Bench Press (Dumbbell)",3,100.0,12,0,0,,,
2024-01-02 17:36:55,"Full Body C",1h 21m,"Bench Press (Dumbbell)",4,100.0,12,0,0,,,
2024-01-02 17:36:55,"Full Body C",1h 21m,"Decline Bench Press (Barbell)",1,132.0,12,0,0,"",,
2024-01-02 17:36:55,"Full Body C",1h 21m,"Decline Bench Press (Barbell)",2,132.0,12,0,0,,,
2024-01-02 17:36:55,"Full Body C",1h 21m,"Decline Bench Press (Barbell)",3,110.0,12,0,0,,,
2024-01-02 17:36:55,"Full Body C",1h 21m,"Deadlift (Barbell)",1,135.0,12,0,0,"",,
2024-01-02 17:36:55,"Full Body C",1h 21m,"Deadlift (Barbell)",2,176.0,12,0,0,,,
2024-01-02 17:36:55,"Full Body C",1h 21m,"Deadlift (Barbell)",3,176.0,12,0,0,,,
2024-01-02 17:36:55,"Full Body C",1h 21m,"Plank",1,0,0,0,60,"",,
2024-01-02 17:36:55,"Full Body C",1h 21m,"Plank",2,0,0,0,60,,,
2024-01-03 16:18:00,"Afternoon Workout",1h 37m,"Pull Up",1,0,13,0,0,"","",
2024-01-03 16:18:00,"Afternoon Workout",1h 37m,"Pull Up",2,0,10,0,0,,,
2024-01-03 16:18:00,"Afternoon Workout",1h 37m,"Pull Up",3,0,7,0,0,,,
2024-01-03 16:18:00,"Afternoon Workout",1h 37m,"Squat (Barbell)",1,225.0,5,0,0,"",,
2024-01-03 16:18:00,"Afternoon Workout",1h 37m,"Squat (Barbell)",2,245.00000000000003,5,0,0,,,
2024-01-03 16:18:00,"Afternoon Workout",1h 37m,"Squat (Barbell)",3,225.0,5,0,0,,,
2024-01-03 16:18:00,"Afternoon Workout",1h 37m,"Squat (Barbell)",4,225.0,5,0,0,,,
2024-01-03 16:18:00,"Afternoon Workout",1h 37m,"Squat (Barbell)",5,225.0,5,0,0,,,
2024-01-03 16:18:00,"Afternoon Workout",1h 37m,"Good Morning (Barbell)",1,88.0,12,0,0,"",,
2024-01-03 16:18:00,"Afternoon Workout",1h 37m,"Good Morning (Barbell)",2,88.0,12,0,0,,,
2024-01-03 16:18:00,"Afternoon Workout",1h 37m,"Good Morning (Barbell)",3,88.0,12,0,0,,,
2024-01-03 16:18:00,"Afternoon Workout",1h 37m,"Strict Military Press (Barbell)",1,50.0,12,0,0,"",,
2024-01-03 16:18:00,"Afternoon Workout",1h 37m,"Strict Military Press (Barbell)",2,50.0,12,0,0,,,
2024-01-03 16:18:00,"Afternoon Workout",1h 37m,"Strict Military Press (Barbell)",3,50.0,12,0,0,,,
2024-01-03 16:18:00,"Afternoon Workout",1h 37m,"Incline Row (Dumbbell)",1,55.0,6,0,0,"",,
2024-01-03 16:18:00,"Afternoon Workout",1h 37m,"Incline Row (Dumbbell)",2,45.0,12,0,0,,,
2024-01-03 16:18:00,"Afternoon Workout",1h 37m,"Incline Row (Dumbbell)",3,45.0,12,0,0,,,
2024-01-03 16:18:00,"Afternoon Workout",1h 37m,"Incline Chest Fly (Dumbbell)",1,40.0,12,0,0,"",,
2024-01-03 16:18:00,"Afternoon Workout",1h 37m,"Incline Chest Fly (Dumbbell)",2,35.0,12,0,0,,,
2024-01-03 16:18:00,"Afternoon Workout",1h 37m,"Incline Chest Fly (Dumbbell)",3,35.0,12,0,0,,,
2024-01-03 16:18:00,"Afternoon Workout",1h 37m,"Triceps Extension (Dumbbell)",1,15.0,12,0,0,"Single arm bench dumbbell",,
2024-01-03 16:18:00,"Afternoon Workout",1h 37m,"Triceps Extension (Dumbbell)",2,15.0,12,0,0,,,
2024-01-03 16:18:00,"Afternoon Workout",1h 37m,"Lateral Raise (Dumbbell)",1,15.0,12,0,0,"",,
2024-01-03 16:18:00,"Afternoon Workout",1h 37m,"Lateral Raise (Dumbbell)",2,15.0,12,0,0,,,
2024-01-03 16:18:00,"Afternoon Workout",1h 37m,"Front Raise (Dumbbell)",1,15.0,12,0,0,"",,
2024-01-03 16:18:00,"Afternoon Workout",1h 37m,"Front Raise (Dumbbell)",2,15.0,12,0,0,,,
2024-01-03 16:18:00,"Afternoon Workout",1h 37m,"Cable Twist",1,20.0,12,0,0,"",,
2024-01-03 16:18:00,"Afternoon Workout",1h 37m,"Cable Twist",2,20.0,12,0,0,,,
2024-01-03 16:18:00,"Afternoon Workout",1h 37m,"Cable Twist",3,20.0,12,0,0,,,
2024-01-06 11:18:09,"Morning Workout",54m,"Squat (Dumbbell)",1,25.0,10,0,0,"","",
2024-01-06 11:18:09,"Morning Workout",54m,"Squat (Dumbbell)",2,25.0,10,0,0,,,
2024-01-06 11:18:09,"Morning Workout",54m,"Squat (Dumbbell)",3,25.0,10,0,0,,,
2024-01-06 11:18:09,"Morning Workout",54m,"Squat (Dumbbell)",4,25.0,10,0,0,,,
2024-01-06 11:18:09,"Morning Workout",54m,"Bent Over One Arm Row (Dumbbell)",1,40.0,12,0,0,"",,
2024-01-06 11:18:09,"Morning Workout",54m,"Bent Over One Arm Row (Dumbbell)",2,40.0,12,0,0,,,
2024-01-06 11:18:09,"Morning Workout",54m,"Bent Over One Arm Row (Dumbbell)",3,40.0,12,0,0,,,
2024-01-06 11:18:09,"Morning Workout",54m,"Bent Over One Arm Row (Dumbbell)",4,40.0,12,0,0,,,
2024-01-06 11:18:09,"Morning Workout",54m,"Lunge (Dumbbell)",1,25.0,10,0,0,"",,
2024-01-06 11:18:09,"Morning Workout",54m,"Lunge (Dumbbell)",2,25.0,10,0,0,,,
2024-01-06 11:18:09,"Morning Workout",54m,"Lunge (Dumbbell)",3,25.0,10,0,0,,,
2024-01-06 11:18:09,"Morning Workout",54m,"Lunge (Dumbbell)",4,25.0,10,0,0,,,
2024-01-06 11:18:09,"Morning Workout",54m,"Push Up",1,0,15,0,0,"",,
2024-01-06 11:18:09,"Morning Workout",54m,"Push Up",2,0,15,0,0,,,
2024-01-06 11:18:09,"Morning Workout",54m,"Push Up",3,0,15,0,0,,,
2024-01-06 11:18:09,"Morning Workout",54m,"Push Up",4,0,15,0,0,,,
2024-01-06 11:18:09,"Morning Workout",54m,"Kettlebell Swing",1,44.0,20,0,0,"",,
2024-01-06 11:18:09,"Morning Workout",54m,"Kettlebell Swing",2,44.0,20,0,0,,,
2024-01-06 11:18:09,"Morning Workout",54m,"Kettlebell Swing",3,44.0,20,0,0,,,
2024-01-06 11:18:09,"Morning Workout",54m,"Kettlebell Swing",4,44.0,20,0,0,,,
2024-01-06 11:18:09,"Morning Workout",54m,"Crunch",1,0,20,0,0,"",,
2024-01-06 11:18:09,"Morning Workout",54m,"Crunch",2,0,20,0,0,,,
2024-01-06 11:18:09,"Morning Workout",54m,"Side Plank",1,0,0,0,30,"",,
2024-01-06 11:18:09,"Morning Workout",54m,"Side Plank",2,0,0,0,30,,,
2024-01-06 11:18:09,"Morning Workout",54m,"Russian Twist",1,0,20,0,0,"",,
2024-01-06 11:18:09,"Morning Workout",54m,"Russian Twist",2,0,20,0,0,,,
2024-01-07 10:44:26,"Morning Workout",6h 12m,"Squat (Barbell)",1,198.0,12,0,0,"","",
2024-01-07 10:44:26,"Morning Workout",6h 12m,"Squat (Barbell)",2,198.0,12,0,0,,,
2024-01-07 10:44:26,"Morning Workout",6h 12m,"Squat (Barbell)",3,198.0,12,0,0,,,
2024-01-07 10:44:26,"Morning Workout",6h 12m,"Squat (Barbell)",4,225.0,1,0,0,,,
2024-01-07 10:44:26,"Morning Workout",6h 12m,"Squat (Barbell)",5,264.0,1,0,0,,,
2024-01-07 10:44:26,"Morning Workout",6h 12m,"Deadlift (Barbell)",1,132.0,12,0,0,"",,
2024-01-07 10:44:26,"Morning Workout",6h 12m,"Deadlift (Barbell)",2,132.0,12,0,0,,,
2024-01-07 10:44:26,"Morning Workout",6h 12m,"Deadlift (Barbell)",3,176.0,12,0,0,,,
2024-01-07 10:44:26,"Morning Workout",6h 12m,"Pull Up",1,0,10,0,0,"",,
2024-01-07 10:44:26,"Morning Workout",6h 12m,"Pull Up",2,0,10,0,0,,,
2024-01-07 10:44:26,"Morning Workout",6h 12m,"Pull Up",3,0,10,0,0,,,
2024-01-07 10:44:26,"Morning Workout",6h 12m,"Arnold Press (Dumbbell)",1,25.0,12,0,0,"",,
2024-01-07 10:44:26,"Morning Workout",6h 12m,"Arnold Press (Dumbbell)",2,25.0,12,0,0,,,
2024-01-07 10:44:26,"Morning Workout",6h 12m,"Arnold Press (Dumbbell)",3,25.0,12,0,0,,,
2024-01-08 17:01:47,"Afternoon Workout",1h 16m,"Bicep Curl (Barbell)",1,50.0,12,0,0,"","",
2024-01-08 17:01:47,"Afternoon Workout",1h 16m,"Bicep Curl (Barbell)",2,50.0,12,0,0,,,
2024-01-08 17:01:47,"Afternoon Workout",1h 16m,"Bicep Curl (Barbell)",3,50.0,12,0,0,,,
2024-01-08 17:01:47,"Afternoon Workout",1h 16m,"Preacher Curl (Barbell)",1,20.0,12,0,0,"",,
2024-01-08 17:01:47,"Afternoon Workout",1h 16m,"Preacher Curl (Barbell)",2,20.0,12,0,0,,,
2024-01-08 17:01:47,"Afternoon Workout",1h 16m,"Preacher Curl (Barbell)",3,20.0,12,0,0,,,
2024-01-08 17:01:47,"Afternoon Workout",1h 16m,"Bicep Curl (Cable)",1,27.0,12,0,0,"",,
2024-01-08 17:01:47,"Afternoon Workout",1h 16m,"Bicep Curl (Cable)",2,40.0,12,0,0,,,
2024-01-08 17:01:47,"Afternoon Workout",1h 16m,"Bicep Curl (Cable)",3,40.0,12,0,0,,,
2024-01-08 17:01:47,"Afternoon Workout",1h 16m,"Triceps Extension (Dumbbell)",1,20.0,12,0,0,"Single arm",,
2024-01-08 17:01:47,"Afternoon Workout",1h 16m,"Triceps Extension (Dumbbell)",2,20.0,10,0,0,,,
2024-01-08 17:01:47,"Afternoon Workout",1h 16m,"Triceps Extension (Dumbbell)",3,20.0,8,0,0,,,
2024-01-08 17:01:47,"Afternoon Workout",1h 16m,"Skullcrusher (Dumbbell)",1,15.0,12,0,0,"",,
2024-01-08 17:01:47,"Afternoon Workout",1h 16m,"Skullcrusher (Dumbbell)",2,15.0,12,0,0,,,
2024-01-08 17:01:47,"Afternoon Workout",1h 16m,"Skullcrusher (Dumbbell)",3,15.0,12,0,0,,,
2024-01-08 17:01:47,"Afternoon Workout",1h 16m,"Triceps Pushdown (Cable - Straight Bar)",1,40.0,12,0,0,"",,
2024-01-08 17:01:47,"Afternoon Workout",1h 16m,"Triceps Pushdown (Cable - Straight Bar)",2,35.0,12,0,0,,,
2024-01-08 17:01:47,"Afternoon Workout",1h 16m,"Triceps Pushdown (Cable - Straight Bar)",3,35.0,12,0,0,,,
2024-01-08 17:01:47,"Afternoon Workout",1h 16m,"Kettlebell Swing",1,52.0,20,0,0,"",,
2024-01-08 17:01:47,"Afternoon Workout",1h 16m,"Kettlebell Swing",2,52.0,20,0,0,,,
2024-01-08 17:01:47,"Afternoon Workout",1h 16m,"Kettlebell Swing",3,52.0,20,0,0,,,
2024-01-09 08:31:08,"Morning Workout",13h 34m,"Squat (Barbell)",1,198.0,12,0,0,"","",
2024-01-09 08:31:08,"Morning Workout",13h 34m,"Squat (Barbell)",2,220.0,12,0,0,,,
2024-01-09 08:31:08,"Morning Workout",13h 34m,"Squat (Barbell)",3,198.0,12,0,0,,,
2024-01-09 08:31:08,"Morning Workout",13h 34m,"Good Morning (Barbell)",1,88.0,12,0,0,"",,
2024-01-09 08:31:08,"Morning Workout",13h 34m,"Good Morning (Barbell)",2,88.0,12,0,0,,,
2024-01-09 08:31:08,"Morning Workout",13h 34m,"Good Morning (Barbell)",3,88.0,12,0,0,,,
2024-01-09 08:31:08,"Morning Workout",13h 34m,"Bench Press (Barbell)",1,154.0,12,0,0,"",,
2024-01-09 08:31:08,"Morning Workout",13h 34m,"Bench Press (Barbell)",2,154.0,10,0,0,,,
2024-01-09 08:31:08,"Morning Workout",13h 34m,"Bench Press (Barbell)",3,132.0,12,0,0,,,
2024-01-09 08:31:08,"Morning Workout",13h 34m,"Decline Bench Press (Barbell)",1,120.0,12,0,0,"",,
2024-01-09 08:31:08,"Morning Workout",13h 34m,"Decline Bench Press (Barbell)",2,88.0,12,0,0,,,
2024-01-09 08:31:08,"Morning Workout",13h 34m,"Decline Bench Press (Barbell)",3,88.0,12,0,0,,,
2024-01-09 08:31:08,"Morning Workout",13h 34m,"Incline Bench Press (Dumbbell)",1,30.0,12,0,0,"",,
2024-01-09 08:31:08,"Morning Workout",13h 34m,"Incline Bench Press (Dumbbell)",2,30.0,12,0,0,,,
2024-01-10 17:59:39,"Afternoon Workout",47m,"Squat (Dumbbell)",1,25.0,10,0,0,"","",
2024-01-10 17:59:39,"Afternoon Workout",47m,"Squat (Dumbbell)",2,25.0,10,0,0,,,
2024-01-10 17:59:39,"Afternoon Workout",47m,"Squat (Dumbbell)",3,25.0,10,0,0,,,
2024-01-10 17:59:39,"Afternoon Workout",47m,"Lunge (Dumbbell)",1,25.0,10,0,0,"",,
2024-01-10 17:59:39,"Afternoon Workout",47m,"Lunge (Dumbbell)",2,25.0,10,0,0,,,
2024-01-10 17:59:39,"Afternoon Workout",47m,"Lunge (Dumbbell)",3,25.0,10,0,0,,,
2024-01-10 17:59:39,"Afternoon Workout",47m,"Bent Over Row (Dumbbell)",1,44.0,12,0,0,"",,
2024-01-10 17:59:39,"Afternoon Workout",47m,"Bent Over Row (Dumbbell)",2,44.0,12,0,0,,,
2024-01-10 17:59:39,"Afternoon Workout",47m,"Bent Over Row (Dumbbell)",3,44.0,12,0,0,,,
2024-01-10 17:59:39,"Afternoon Workout",47m,"Kettlebell Swing",1,44.0,20,0,0,"",,
2024-01-10 17:59:39,"Afternoon Workout",47m,"Kettlebell Swing",2,44.0,20,0,0,,,
2024-01-10 17:59:39,"Afternoon Workout",47m,"Kettlebell Swing",3,44.0,20,0,0,,,
2024-01-10 17:59:39,"Afternoon Workout",47m,"Deadlift (Dumbbell)",1,20.0,10,0,0,"Single leg\n",,
2024-01-10 17:59:39,"Afternoon Workout",47m,"Deadlift (Dumbbell)",2,20.0,10,0,0,,,
2024-01-10 17:59:39,"Afternoon Workout",47m,"Crunch",1,0,20,0,0,"Myotatic",,
2024-01-10 17:59:39,"Afternoon Workout",47m,"Crunch",2,0,20,0,0,,,
2024-01-12 17:59:04,"Afternoon Workout",16h 51m,"Good Morning (Barbell)",1,88.0,12,0,0,"","",
2024-01-12 17:59:04,"Afternoon Workout",16h 51m,"Good Morning (Barbell)",2,88.0,12,0,0,,,
2024-01-12 17:59:04,"Afternoon Workout",16h 51m,"Good Morning (Barbell)",3,88.0,12,0,0,,,
2024-01-12 17:59:04,"Afternoon Workout",16h 51m,"Front Squat (Barbell)",1,95.0,12,0,0,"",,
2024-01-12 17:59:04,"Afternoon Workout",16h 51m,"Bent Over Row (Barbell)",1,95.0,12,0,0,"",,
2024-01-12 17:59:04,"Afternoon Workout",16h 51m,"Bent Over Row (Barbell)",2,105.0,12,0,0,,,
2024-01-12 17:59:04,"Afternoon Workout",16h 51m,"Bent Over Row (Barbell)",3,95.0,12,0,0,,,
2024-01-12 17:59:04,"Afternoon Workout",16h 51m,"Bench Press (Barbell)",1,185.00000000000003,3,0,0,"",,
2024-01-12 17:59:04,"Afternoon Workout",16h 51m,"Bench Press (Barbell)",2,155.0,8,0,0,,,
2024-01-12 17:59:04,"Afternoon Workout",16h 51m,"Bench Press (Barbell)",3,135.0,12,0,0,,,
2024-01-12 17:59:04,"Afternoon Workout",16h 51m,"Bench Press (Barbell)",4,135.0,12,0,0,,,
2024-01-12 17:59:04,"Afternoon Workout",16h 51m,"Bench Press (Barbell)",5,135.0,12,0,0,,,
2024-01-12 17:59:04,"Afternoon Workout",16h 51m,"Incline Bench Press (Dumbbell)",1,40.0,8,0,0,"",,
2024-01-12 17:59:04,"Afternoon Workout",16h 51m,"Incline Bench Press (Dumbbell)",2,40.0,8,0,0,,,
2024-01-12 17:59:04,"Afternoon Workout",16h 51m,"Incline Bench Press (Dumbbell)",3,40.0,8,0,0,,,
2024-01-12 17:59:04,"Afternoon Workout",16h 51m,"Incline Chest Fly (Dumbbell)",1,35.0,12,0,0,"",,
2024-01-12 17:59:04,"Afternoon Workout",16h 51m,"Incline Chest Fly (Dumbbell)",2,35.0,12,0,0,,,
2024-01-12 17:59:04,"Afternoon Workout",16h 51m,"Incline Chest Fly (Dumbbell)",3,35.0,12,0,0,,,
2024-01-12 17:59:04,"Afternoon Workout",16h 51m,"Front Raise (Dumbbell)",1,10.0,12,0,0,"",,
2024-01-12 17:59:04,"Afternoon Workout",16h 51m,"Front Raise (Dumbbell)",2,10.0,12,0,0,,,
2024-01-12 17:59:04,"Afternoon Workout",16h 51m,"Lateral Raise (Dumbbell)",1,10.0,12,0,0,"",,
2024-01-12 17:59:04,"Afternoon Workout",16h 51m,"Lateral Raise (Dumbbell)",2,10.0,12,0,0,,,
2024-01-12 17:59:04,"Afternoon Workout",16h 51m,"Triceps Dip (Assisted)",1,80.0,12,0,0,"",,
2024-01-12 17:59:04,"Afternoon Workout",16h 51m,"Triceps Dip (Assisted)",2,80.0,12,0,0,,,
2024-01-13 10:50:25,"Morning Workout",52h 11m,"Bench Press (Barbell)",1,176.0,5,0,0,"","",
2024-01-13 10:50:25,"Morning Workout",52h 11m,"Bench Press (Barbell)",2,176.0,5,0,0,,,
2024-01-13 10:50:25,"Morning Workout",52h 11m,"Bench Press (Barbell)",3,176.0,5,0,0,,,
2024-01-13 10:50:25,"Morning Workout",52h 11m,"Bench Press (Barbell)",4,176.0,5,0,0,,,
2024-01-13 10:50:25,"Morning Workout",52h 11m,"Bench Press (Barbell)",5,176.0,5,0,0,,,
2024-01-13 10:50:25,"Morning Workout",52h 11m,"Lat Pulldown - Wide Grip (Cable)",1,85.0,12,0,0,"",,
2024-01-13 10:50:25,"Morning Workout",52h 11m,"Lat Pulldown - Wide Grip (Cable)",2,85.0,12,0,0,,,
2024-01-13 10:50:25,"Morning Workout",52h 11m,"Lat Pulldown - Wide Grip (Cable)",3,85.0,12,0,0,,,
2024-01-13 10:50:25,"Morning Workout",52h 11m,"Lat Pulldown - Underhand (Cable)",1,120.0,12,0,0,"",,
2024-01-13 10:50:25,"Morning Workout",52h 11m,"Lat Pulldown - Underhand (Cable)",2,140.0,8,0,0,,,
2024-01-13 10:50:25,"Morning Workout",52h 11m,"Seated Row (Cable)",1,50.0,8,0,0,"",,
2024-01-13 10:50:25,"Morning Workout",52h 11m,"Seated Row (Cable)",2,50.0,8,0,0,,,
2024-01-13 10:50:25,"Morning Workout",52h 11m,"Seated Row (Cable)",3,50.0,8,0,0,,,
2024-01-13 10:50:25,"Morning Workout",52h 11m,"Bicep Curl (Cable)",1,42.0,12,0,0,"",,
2024-01-13 10:50:25,"Morning Workout",52h 11m,"Bicep Curl (Cable)",2,42.0,12,0,0,,,
2024-01-13 10:50:25,"Morning Workout",52h 11m,"Bicep Curl (Cable)",3,42.0,12,0,0,,,
2024-01-13 10:50:25,"Morning Workout",52h 11m,"Bicep Curl (Dumbbell)",1,25.0,12,0,0,"",,
2024-01-13 10:50:25,"Morning Workout",52h 11m,"Triceps Pushdown (Cable - Straight Bar)",1,40.0,12,0,0,"",,
2024-01-13 10:50:25,"Morning Workout",52h 11m,"Triceps Pushdown (Cable - Straight Bar)",2,35.0,12,0,0,,,
2024-01-13 10:50:25,"Morning Workout",52h 11m,"Triceps Pushdown (Cable - Straight Bar)",3,35.0,12,0,0,,,
2024-01-13 10:50:25,"Morning Workout",52h 11m,"Triceps Extension (Dumbbell)",1,20.0,12,0,0,"",,
2024-01-13 10:50:25,"Morning Workout",52h 11m,"Triceps Extension (Dumbbell)",2,15.0,10,0,0,,,
2024-01-15 15:02:23,"Afternoon Workout",4h 7m,"Chin Up",1,0,10,0,0,"","",
2024-01-15 15:02:23,"Afternoon Workout",4h 7m,"Chin Up",2,0,10,0,0,,,
2024-01-15 15:02:23,"Afternoon Workout",4h 7m,"Chin Up",3,0,10,0,0,,,
2024-01-15 15:02:23,"Afternoon Workout",4h 7m,"Deadlift (Barbell)",1,88.0,12,0,0,"",,
2024-01-15 15:02:23,"Afternoon Workout",4h 7m,"Deadlift (Barbell)",2,132.0,12,0,0,,,
2024-01-15 15:02:23,"Afternoon Workout",4h 7m,"Deadlift (Barbell)",3,176.0,12,0,0,,,
2024-01-15 15:02:23,"Afternoon Workout",4h 7m,"Deadlift (Barbell)",4,176.0,12,0,0,,,
2024-01-15 15:02:23,"Afternoon Workout",4h 7m,"Incline Row (Dumbbell)",1,55.0,8,0,0,"",,
2024-01-15 15:02:23,"Afternoon Workout",4h 7m,"Incline Row (Dumbbell)",2,55.0,8,0,0,,,
2024-01-15 15:02:23,"Afternoon Workout",4h 7m,"Incline Row (Dumbbell)",3,55.0,8,0,0,,,
2024-01-15 15:02:23,"Afternoon Workout",4h 7m,"Arnold Press (Dumbbell)",1,30.0,12,0,0,"",,
2024-01-15 15:02:23,"Afternoon Workout",4h 7m,"Arnold Press (Dumbbell)",2,30.0,12,0,0,,,
2024-01-15 15:02:23,"Afternoon Workout",4h 7m,"Arnold Press (Dumbbell)",3,30.0,12,0,0,,,
2024-01-15 15:02:23,"Afternoon Workout",4h 7m,"Face Pull (Cable)",1,20.0,12,0,0,"",,
2024-01-15 15:02:23,"Afternoon Workout",4h 7m,"Face Pull (Cable)",2,30.0,12,0,0,,,
2024-01-15 15:02:23,"Afternoon Workout",4h 7m,"Face Pull (Cable)",3,30.0,12,0,0,,,
2024-01-15 15:02:23,"Afternoon Workout",4h 7m,"Cable Twist",1,25.0,12,0,0,"",,
2024-01-15 15:02:23,"Afternoon Workout",4h 7m,"Cable Twist",2,25.0,12,0,0,,,
2024-01-15 15:02:23,"Afternoon Workout",4h 7m,"Chest Dip",1,0,12,0,0,"",,
2024-01-15 15:02:23,"Afternoon Workout",4h 7m,"Chest Dip",2,0,12,0,0,,,
2024-01-15 15:02:23,"Afternoon Workout",4h 7m,"Chest Dip",3,0,12,0,0,,,
2024-01-15 15:02:23,"Afternoon Workout",4h 7m,"Lateral Raise (Dumbbell)",1,12.5,12,0,0,"",,
2024-01-15 15:02:23,"Afternoon Workout",4h 7m,"Lateral Raise (Dumbbell)",2,12.5,12,0,0,,,
2024-01-15 15:02:23,"Afternoon Workout",4h 7m,"Lateral Raise (Dumbbell)",3,12.5,12,0,0,,,
2024-01-15 15:02:23,"Afternoon Workout",4h 7m,"Front Raise (Dumbbell)",1,15.0,12,0,0,"",,
2024-01-15 15:02:23,"Afternoon Workout",4h 7m,"Front Raise (Dumbbell)",2,15.0,12,0,0,,,
2024-01-15 15:02:23,"Afternoon Workout",4h 7m,"Front Raise (Dumbbell)",3,15.0,12,0,0,,,
2024-01-16 16:28:32,"Afternoon Workout",3h 26m,"Squat (Dumbbell)",1,35.0,10,0,0,"With shoulder press","",
2024-01-16 16:28:32,"Afternoon Workout",3h 26m,"Squat (Dumbbell)",2,35.0,10,0,0,,,
2024-01-16 16:28:32,"Afternoon Workout",3h 26m,"Squat (Dumbbell)",3,35.0,5,0,0,,,
2024-01-16 16:28:32,"Afternoon Workout",3h 26m,"Squat (Dumbbell)",4,25.0,10,0,0,,,
2024-01-16 16:28:32,"Afternoon Workout",3h 26m,"Squat (Dumbbell)",5,25.0,10,0,0,,,
2024-01-16 16:28:32,"Afternoon Workout",3h 26m,"Decline Crunch",1,0,10,0,0,"Add 12kg press",,
2024-01-16 16:28:32,"Afternoon Workout",3h 26m,"Decline Crunch",2,0,10,0,0,,,
2024-01-16 16:28:32,"Afternoon Workout",3h 26m,"Decline Crunch",3,0,10,0,0,,,
2024-01-16 16:28:32,"Afternoon Workout",3h 26m,"Monkey Ups",1,0,10,0,0,"",,
2024-01-16 16:28:32,"Afternoon Workout",3h 26m,"Monkey Ups",2,0,10,0,0,,,
2024-01-16 16:28:32,"Afternoon Workout",3h 26m,"Crunch",1,0,20,0,0,"",,
2024-01-16 16:28:32,"Afternoon Workout",3h 26m,"Crunch",2,0,20,0,0,,,
2024-01-16 16:28:32,"Afternoon Workout",3h 26m,"Plank",1,0,0,0,60,"",,
2024-01-16 16:28:32,"Afternoon Workout",3h 26m,"Push Up",1,0,20,0,0,"",,
2024-01-16 16:28:32,"Afternoon Workout",3h 26m,"Push Up",2,0,20,0,0,,,
2024-01-16 16:28:32,"Afternoon Workout",3h 26m,"Push Up",3,0,20,0,0,,,
2024-01-16 16:28:32,"Afternoon Workout",3h 26m,"Push Up",4,0,20,0,0,,,
2024-01-16 16:28:32,"Afternoon Workout",3h 26m,"Chest Dip",1,0,16,0,0,"",,
2024-01-16 16:28:32,"Afternoon Workout",3h 26m,"Chest Dip",2,0,16,0,0,,,
2024-01-16 16:28:32,"Afternoon Workout",3h 26m,"Chest Dip",3,0,12,0,0,,,
2024-01-16 16:28:32,"Afternoon Workout",3h 26m,"Cable Crossover",1,13.0,12,0,0,"",,
2024-01-16 16:28:32,"Afternoon Workout",3h 26m,"Cable Crossover",2,13.0,12,0,0,,,
2024-01-16 16:28:32,"Afternoon Workout",3h 26m,"Cable Crossover",3,13.0,12,0,0,,,
2024-01-16 16:28:32,"Afternoon Workout",3h 26m,"Bicep Curl (Dumbbell)",1,30.0,12,0,0,"",,
2024-01-16 16:28:32,"Afternoon Workout",3h 26m,"Bicep Curl (Dumbbell)",2,30.0,12,0,0,,,
2024-01-18 18:42:39,"Evening Workout",1h 20m,"Pull Up",1,0,15,0,0,"","",
2024-01-18 18:42:39,"Evening Workout",1h 20m,"Pull Up",2,0,10,0,0,,,
2024-01-18 18:42:39,"Evening Workout",1h 20m,"Pull Up",3,0,5,0,0,,,
2024-01-18 18:42:39,"Evening Workout",1h 20m,"Squat (Barbell)",1,242.0,5,0,0,"",,
2024-01-18 18:42:39,"Evening Workout",1h 20m,"Squat (Barbell)",2,242.0,5,0,0,,,
2024-01-18 18:42:39,"Evening Workout",1h 20m,"Squat (Barbell)",3,242.0,5,0,0,,,
2024-01-18 18:42:39,"Evening Workout",1h 20m,"Squat (Barbell)",4,242.0,5,0,0,,,
2024-01-18 18:42:39,"Evening Workout",1h 20m,"Squat (Barbell)",5,242.0,5,0,0,,,
2024-01-18 18:42:39,"Evening Workout",1h 20m,"Bent Over Row (Barbell)",1,132.0,5,0,0,"",,
2024-01-18 18:42:39,"Evening Workout",1h 20m,"Bent Over Row (Barbell)",2,132.0,5,0,0,,,
2024-01-18 18:42:39,"Evening Workout",1h 20m,"Bent Over Row (Barbell)",3,132.0,5,0,0,,,
2024-01-18 18:42:39,"Evening Workout",1h 20m,"Bent Over Row (Barbell)",4,132.0,5,0,0,,,
2024-01-18 18:42:39,"Evening Workout",1h 20m,"Bent Over Row (Barbell)",5,132.0,5,0,0,,,
2024-01-18 18:42:39,"Evening Workout",1h 20m,"Bench Press (Dumbbell)",1,65.0,5,0,0,"",,
2024-01-18 18:42:39,"Evening Workout",1h 20m,"Bench Press (Dumbbell)",2,65.0,5,0,0,,,
2024-01-18 18:42:39,"Evening Workout",1h 20m,"Bench Press (Dumbbell)",3,65.0,5,0,0,,,
2024-01-18 18:42:39,"Evening Workout",1h 20m,"Bench Press (Dumbbell)",4,65.0,5,0,0,,,
2024-01-18 18:42:39,"Evening Workout",1h 20m,"Bench Press (Dumbbell)",5,65.0,5,0,0,,,
2024-01-18 18:42:39,"Evening Workout",1h 20m,"Decline Bench Press (Barbell)",1,110.0,12,0,0,"",,
2024-01-18 18:42:39,"Evening Workout",1h 20m,"Decline Bench Press (Barbell)",2,110.0,12,0,0,,,
2024-01-18 18:42:39,"Evening Workout",1h 20m,"Decline Bench Press (Barbell)",3,110.0,12,0,0,,,
2024-01-18 18:42:39,"Evening Workout",1h 20m,"Kettlebell Swing",1,48.0,20,0,0,"",,
2024-01-18 18:42:39,"Evening Workout",1h 20m,"Kettlebell Swing",2,48.0,20,0,0,,,
2024-01-18 18:42:39,"Evening Workout",1h 20m,"Kettlebell Swing",3,48.0,20,0,0,,,
2024-01-19 17:13:24,"Afternoon Workout",1h 3m,"Bench Press (Barbell)",1,185.00000000000003,3,0,0,"","",
2024-01-19 17:13:24,"Afternoon Workout",1h 3m,"Bench Press (Barbell)",2,185.00000000000003,5,0,0,,,
2024-01-19 17:13:24,"Afternoon Workout",1h 3m,"Bench Press (Barbell)",3,185.00000000000003,5,0,0,,,
2024-01-19 17:13:24,"Afternoon Workout",1h 3m,"Bench Press (Barbell)",4,185.00000000000003,5,0,0,,,
2024-01-19 17:13:24,"Afternoon Workout",1h 3m,"Bench Press (Barbell)",5,185.00000000000003,5,0,0,,,
2024-01-19 17:13:24,"Afternoon Workout",1h 3m,"Good Morning (Barbell)",1,85.0,12,0,0,"",,
2024-01-19 17:13:24,"Afternoon Workout",1h 3m,"Good Morning (Barbell)",2,85.0,12,0,0,,,
2024-01-19 17:13:24,"Afternoon Workout",1h 3m,"Good Morning (Barbell)",3,85.0,12,0,0,,,
2024-01-19 17:13:24,"Afternoon Workout",1h 3m,"Good Morning (Barbell)",1,45.0,12,0,0,"Twist",,
2024-01-19 17:13:24,"Afternoon Workout",1h 3m,"Good Morning (Barbell)",2,45.0,12,0,0,,,
2024-01-19 17:13:24,"Afternoon Workout",1h 3m,"Decline Crunch",1,0,30,0,0,"",,
2024-01-19 17:13:24,"Afternoon Workout",1h 3m,"Decline Crunch",2,0,20,0,0,,,
2024-01-19 17:13:24,"Afternoon Workout",1h 3m,"Arnold Press (Dumbbell)",1,30.0,12,0,0,"",,
2024-01-19 17:13:24,"Afternoon Workout",1h 3m,"Arnold Press (Dumbbell)",2,30.0,12,0,0,,,
2024-01-19 17:13:24,"Afternoon Workout",1h 3m,"Arnold Press (Dumbbell)",3,30.0,12,0,0,,,
2024-01-19 17:13:24,"Afternoon Workout",1h 3m,"Lat Pulldown (Cable)",1,100.0,12,0,0,"",,
2024-01-19 17:13:24,"Afternoon Workout",1h 3m,"Lat Pulldown (Cable)",2,100.0,12,0,0,,,
2024-01-19 17:13:24,"Afternoon Workout",1h 3m,"Lat Pulldown (Cable)",3,100.0,8,0,0,,,
2024-01-19 17:13:24,"Afternoon Workout",1h 3m,"Lat Pulldown - Underhand (Cable)",1,140.0,12,0,0,"",,
2024-01-19 17:13:24,"Afternoon Workout",1h 3m,"Lat Pulldown - Underhand (Cable)",2,140.0,8,0,0,,,
2024-01-21 10:56:58,"Morning Workout",1h 17m,"Bicep Curl (Barbell)",1,60.0,12,0,0,"","",
2024-01-21 10:56:58,"Morning Workout",1h 17m,"Bicep Curl (Barbell)",2,60.0,12,0,0,,,
2024-01-21 10:56:58,"Morning Workout",1h 17m,"Bicep Curl (Barbell)",3,60.0,8,0,0,,,
2024-01-21 10:56:58,"Morning Workout",1h 17m,"Bicep Curl (Dumbbell)",1,20.0,10,0,0,"Isometric hold one arm at 90",,
2024-01-21 10:56:58,"Morning Workout",1h 17m,"Bicep Curl (Dumbbell)",2,20.0,10,0,0,,,
2024-01-21 10:56:58,"Morning Workout",1h 17m,"Bicep Curl (Dumbbell)",3,20.0,10,0,0,,,
2024-01-21 10:56:58,"Morning Workout",1h 17m,"Bicep Curl (Cable)",1,57.0,10,0,0,"",,
2024-01-21 10:56:58,"Morning Workout",1h 17m,"Bicep Curl (Cable)",2,57.0,10,0,0,,,
2024-01-21 10:56:58,"Morning Workout",1h 17m,"Bicep Curl (Cable)",3,57.0,10,0,0,,,
2024-01-21 10:56:58,"Morning Workout",1h 17m,"Bent Over Row (Barbell)",1,88.0,12,0,0,"",,
2024-01-21 10:56:58,"Morning Workout",1h 17m,"Bent Over Row (Barbell)",2,88.0,12,0,0,,,
2024-01-21 10:56:58,"Morning Workout",1h 17m,"Bent Over Row (Barbell)",3,88.0,12,0,0,,,
2024-01-21 10:56:58,"Morning Workout",1h 17m,"Incline Row (Dumbbell)",1,45.0,10,0,0,"",,
2024-01-21 10:56:58,"Morning Workout",1h 17m,"Incline Row (Dumbbell)",2,45.0,10,0,0,,,
2024-01-21 10:56:58,"Morning Workout",1h 17m,"Incline Row (Dumbbell)",3,45.0,10,0,0,,,
2024-01-21 10:56:58,"Morning Workout",1h 17m,"Pull Up",1,0,15,0,0,"",,
2024-01-21 10:56:58,"Morning Workout",1h 17m,"Pull Up",2,0,10,0,0,,,
2024-01-21 10:56:58,"Morning Workout",1h 17m,"Pull Up",3,0,5,0,0,,,
2024-01-21 10:56:58,"Morning Workout",1h 17m,"Pullover (Dumbbell)",1,40.0,10,0,0,"",,
2024-01-21 10:56:58,"Morning Workout",1h 17m,"Pullover (Dumbbell)",2,40.0,10,0,0,,,
2024-01-21 10:56:58,"Morning Workout",1h 17m,"Pullover (Dumbbell)",3,40.0,10,0,0,,,
2024-01-22 08:18:14,"Morning Workout",27m,"Crunch (Stability Ball)",1,0,25,0,0,"","",
2024-01-22 08:18:14,"Morning Workout",27m,"Crunch (Stability Ball)",2,0,25,0,0,,,
2024-01-22 08:18:14,"Morning Workout",27m,"Flat Leg Raise",1,0,10,0,0,"",,
2024-01-22 08:18:14,"Morning Workout",27m,"Flat Leg Raise",2,0,10,0,0,,,
2024-01-22 08:18:14,"Morning Workout",27m,"Russian Twist",1,0,20,0,0,"",,
2024-01-22 08:18:14,"Morning Workout",27m,"Russian Twist",2,0,20,0,0,,,
2024-01-22 08:18:14,"Morning Workout",27m,"Kettlebell Swing",1,42.0,25,0,0,"",,
2024-01-22 08:18:14,"Morning Workout",27m,"Kettlebell Swing",2,42.0,25,0,0,,,
2024-01-22 08:18:14,"Morning Workout",27m,"Kettlebell Swing",3,42.0,25,0,0,,,
2024-01-22 08:18:14,"Morning Workout",27m,"Kettlebell Swing",4,42.0,25,0,0,,,
2024-01-22 08:18:14,"Morning Workout",27m,"Deadlift (Dumbbell)",1,20.0,10,0,0,"One leg",,
2024-01-22 08:18:14,"Morning Workout",27m,"Deadlift (Dumbbell)",2,20.0,10,0,0,,,
2024-01-22 08:18:14,"Morning Workout",27m,"Leg Curl (ball)",1,0,10,0,0,"2 - 1 leg progression",,
2024-01-22 08:18:14,"Morning Workout",27m,"Leg Curl (ball)",2,0,10,0,0,,,
2024-01-22 08:18:14,"Morning Workout",27m,"Push Up",1,0,35,0,0,"",,
2024-01-22 08:18:14,"Morning Workout",27m,"Push Up",2,0,20,0,0,,,
2024-01-22 08:18:14,"Morning Workout",27m,"Push Up",3,0,20,0,0,,,
2024-01-22 08:18:14,"Morning Workout",27m,"Push Up",4,0,20,0,0,,,
2024-01-24 14:09:41,"Afternoon Workout",37m,"Deadlift (Barbell)",1,205.0,5,0,0,"","",
2024-01-24 14:09:41,"Afternoon Workout",37m,"Deadlift (Barbell)",2,225.0,5,0,0,,,
2024-01-24 14:09:41,"Afternoon Workout",37m,"Deadlift (Barbell)",3,225.0,5,0,0,,,
2024-01-24 14:09:41,"Afternoon Workout",37m,"Deadlift (Barbell)",4,205.0,5,0,0,,,
2024-01-24 14:09:41,"Afternoon Workout",37m,"Deadlift (Barbell)",5,135.0,5,0,0,,,
2024-01-24 14:09:41,"Afternoon Workout",37m,"Bent Over Row (Barbell)",1,135.0,5,0,0,"",,
2024-01-24 14:09:41,"Afternoon Workout",37m,"Bent Over Row (Barbell)",2,135.0,5,0,0,,,
2024-01-24 14:09:41,"Afternoon Workout",37m,"Bent Over Row (Barbell)",3,135.0,5,0,0,,,
2024-01-24 14:09:41,"Afternoon Workout",37m,"Bent Over Row (Barbell)",4,135.0,5,0,0,,,
2024-01-24 14:09:41,"Afternoon Workout",37m,"Bent Over Row (Barbell)",5,135.0,5,0,0,,,
2024-01-24 14:09:41,"Afternoon Workout",37m,"Lat Pulldown (Cable)",1,100.0,12,0,0,"",,
2024-01-24 14:09:41,"Afternoon Workout",37m,"Lat Pulldown (Cable)",2,100.0,12,0,0,,,
2024-01-24 14:09:41,"Afternoon Workout",37m,"Lat Pulldown - Underhand (Cable)",1,140.0,5,0,0,"",,
2024-01-24 14:09:41,"Afternoon Workout",37m,"Lat Pulldown - Underhand (Cable)",2,120.0,8,0,0,,,
2024-01-24 14:09:41,"Afternoon Workout",37m,"Seated Palms Up Wrist Curl (Dumbbell)",1,10.0,20,0,0,"",,
2024-01-24 14:09:41,"Afternoon Workout",37m,"Seated Palms Up Wrist Curl (Dumbbell)",2,10.0,20,0,0,,,
2024-01-25 12:55:24,"Midday Workout",5h 58m,"Crunch",1,0,50,0,0,"","",
2024-01-25 12:55:24,"Midday Workout",5h 58m,"Standing Calf Raise (Barbell)",1,135.0,10,0,0,"",,
2024-01-25 12:55:24,"Midday Workout",5h 58m,"Standing Calf Raise (Barbell)",2,135.0,10,0,0,,,
2024-01-25 12:55:24,"Midday Workout",5h 58m,"Bench Press (Barbell)",1,135.0,5,0,0,"",,
2024-01-25 12:55:24,"Midday Workout",5h 58m,"Bench Press (Barbell)",2,185.00000000000003,5,0,0,,,
2024-01-25 12:55:24,"Midday Workout",5h 58m,"Bench Press (Barbell)",3,185.00000000000003,5,0,0,,,
2024-01-25 12:55:24,"Midday Workout",5h 58m,"Bench Press (Barbell)",4,185.00000000000003,5,0,0,,,
2024-01-25 12:55:24,"Midday Workout",5h 58m,"Bench Press (Barbell)",5,185.00000000000003,5,0,0,,,
2024-01-25 12:55:24,"Midday Workout",5h 58m,"Bench Press (Barbell)",6,185.00000000000003,5,0,0,,,
2024-01-25 12:55:24,"Midday Workout",5h 58m,"Bench Press (Barbell)",7,195.0,1,0,0,,,
2024-01-25 12:55:24,"Midday Workout",5h 58m,"Incline Bench Press (Dumbbell)",1,40.0,8,0,0,"",,
2024-01-25 12:55:24,"Midday Workout",5h 58m,"Incline Bench Press (Dumbbell)",2,45.0,8,0,0,,,
2024-01-25 12:55:24,"Midday Workout",5h 58m,"Incline Chest Fly (Dumbbell)",1,35.0,8,0,0,"",,
2024-01-25 12:55:24,"Midday Workout",5h 58m,"Incline Chest Fly (Dumbbell)",2,35.0,8,0,0,,,
2024-01-25 12:55:24,"Midday Workout",5h 58m,"Pullover (Dumbbell)",1,40.0,12,0,0,"",,
2024-01-25 12:55:24,"Midday Workout",5h 58m,"Pullover (Dumbbell)",2,45.0,12,0,0,,,
2024-01-25 12:55:24,"Midday Workout",5h 58m,"Lateral Raise (Dumbbell)",1,5.0,12,0,0,"",,
2024-01-25 12:55:24,"Midday Workout",5h 58m,"Lateral Raise (Dumbbell)",2,5.0,12,0,0,,,
2024-01-25 12:55:24,"Midday Workout",5h 58m,"Lateral Raise (Dumbbell)",3,5.0,12,0,0,,,
2024-01-25 12:55:24,"Midday Workout",5h 58m,"Triceps Extension (Dumbbell)",1,22.5,8,0,0,"Single",,
2024-01-25 12:55:24,"Midday Workout",5h 58m,"Triceps Extension (Dumbbell)",2,22.5,8,0,0,,,
2024-01-29 15:19:30,"Afternoon Workout",1h 6m,"Squat (Barbell)",1,205.0,5,0,0,"","",
2024-01-29 15:19:30,"Afternoon Workout",1h 6m,"Squat (Barbell)",2,225.0,5,0,0,,,
2024-01-29 15:19:30,"Afternoon Workout",1h 6m,"Squat (Barbell)",3,235.0,5,0,0,,,
2024-01-29 15:19:30,"Afternoon Workout",1h 6m,"Squat (Barbell)",4,245.00000000000003,5,0,0,,,
2024-01-29 15:19:30,"Afternoon Workout",1h 6m,"Squat (Barbell)",5,235.0,5,0,0,,,
2024-01-29 15:19:30,"Afternoon Workout",1h 6m,"Squat (Barbell)",6,235.0,5,0,0,,,
2024-01-29 15:19:30,"Afternoon Workout",1h 6m,"Deadlift (Barbell)",1,135.0,5,0,0,"",,
2024-01-29 15:19:30,"Afternoon Workout",1h 6m,"Deadlift (Barbell)",2,205.0,5,0,0,,,
2024-01-29 15:19:30,"Afternoon Workout",1h 6m,"Deadlift (Barbell)",3,225.0,5,0,0,,,
2024-01-29 15:19:30,"Afternoon Workout",1h 6m,"Deadlift (Barbell)",4,225.0,5,0,0,,,
2024-01-29 15:19:30,"Afternoon Workout",1h 6m,"Deadlift (Barbell)",5,225.0,5,0,0,,,
2024-01-29 15:19:30,"Afternoon Workout",1h 6m,"Deadlift (Barbell)",6,135.0,5,0,0,,,
2024-01-29 15:19:30,"Afternoon Workout",1h 6m,"Strict Military Press (Barbell)",1,74.99999999999999,5,0,0,"",,
2024-01-29 15:19:30,"Afternoon Workout",1h 6m,"Strict Military Press (Barbell)",2,80.0,5,0,0,,,
2024-01-29 15:19:30,"Afternoon Workout",1h 6m,"Strict Military Press (Barbell)",3,80.0,5,0,0,,,
2024-01-29 15:19:30,"Afternoon Workout",1h 6m,"Strict Military Press (Barbell)",4,80.0,5,0,0,,,
2024-01-29 15:19:30,"Afternoon Workout",1h 6m,"Strict Military Press (Barbell)",5,74.99999999999999,5,0,0,,,
2024-01-29 15:19:30,"Afternoon Workout",1h 6m,"Incline Row (Dumbbell)",1,50.0,5,0,0,"",,
2024-01-29 15:19:30,"Afternoon Workout",1h 6m,"Incline Row (Dumbbell)",2,60.0,5,0,0,,,
2024-01-29 15:19:30,"Afternoon Workout",1h 6m,"Incline Row (Dumbbell)",3,60.0,5,0,0,,,
2024-01-29 15:19:30,"Afternoon Workout",1h 6m,"Incline Row (Dumbbell)",4,60.0,5,0,0,,,
2024-01-29 15:19:30,"Afternoon Workout",1h 6m,"Incline Row (Dumbbell)",5,60.0,5,0,0,,,
2024-01-29 15:19:30,"Afternoon Workout",1h 6m,"Incline Row (Dumbbell)",6,60.0,5,0,0,,,
2024-01-29 15:19:30,"Afternoon Workout",1h 6m,"Bicep Curl (Barbell)",1,60.0,12,0,0,"",,
2024-01-29 15:19:30,"Afternoon Workout",1h 6m,"Bicep Curl (Barbell)",2,60.0,10,0,0,,,
2024-01-30 19:31:51,"Evening Workout",41m,"Monkey Ups",1,0,13,0,0,"Monkey bars with pull ups, rep count is number of pull ups, bars always 13 ","",
2024-01-30 19:31:51,"Evening Workout",41m,"Monkey Ups",2,0,7,0,0,,,
2024-01-30 19:31:51,"Evening Workout",41m,"Monkey Ups",3,0,4,0,0,,,
2024-01-30 19:31:51,"Evening Workout",41m,"Monkey Ups",4,0,4,0,0,,,
2024-01-30 19:31:51,"Evening Workout",41m,"Chin Up",1,0,10,0,0,"",,
2024-01-30 19:31:51,"Evening Workout",41m,"Chin Up",2,0,9,0,0,,,
2024-01-30 19:31:51,"Evening Workout",41m,"Chin Up",3,0,7,0,0,,,
2024-01-30 19:31:51,"Evening Workout",41m,"Kettlebell Swing",1,48.0,20,0,0,"",,
2024-01-30 19:31:51,"Evening Workout",41m,"Kettlebell Swing",2,48.0,20,0,0,,,
2024-01-30 19:31:51,"Evening Workout",41m,"Kettlebell Swing",3,48.0,20,0,0,,,
2024-01-30 19:31:51,"Evening Workout",41m,"Crunch",1,0,20,0,0,"Myotatic\n",,
2024-01-30 19:31:51,"Evening Workout",41m,"Crunch",2,0,20,0,0,,,
2024-01-31 15:18:21,"Afternoon Workout",39h 28m,"Squat (Barbell)",1,205.0,5,0,0,"","",
2024-01-31 15:18:21,"Afternoon Workout",39h 28m,"Squat (Barbell)",2,245.00000000000003,5,0,0,,,
2024-01-31 15:18:21,"Afternoon Workout",39h 28m,"Squat (Barbell)",3,245.00000000000003,5,0,0,,,
2024-01-31 15:18:21,"Afternoon Workout",39h 28m,"Squat (Barbell)",4,245.00000000000003,5,0,0,,,
2024-01-31 15:18:21,"Afternoon Workout",39h 28m,"Squat (Barbell)",5,225.0,5,0,0,,,
2024-01-31 15:18:21,"Afternoon Workout",39h 28m,"Bent Over Row (Barbell)",1,145.0,5,0,0,"",,
2024-01-31 15:18:21,"Afternoon Workout",39h 28m,"Bent Over Row (Barbell)",2,145.0,5,0,0,,,
2024-01-31 15:18:21,"Afternoon Workout",39h 28m,"Bent Over Row (Barbell)",3,145.0,5,0,0,,,
2024-01-31 15:18:21,"Afternoon Workout",39h 28m,"Bent Over Row (Barbell)",4,145.0,5,0,0,,,
2024-01-31 15:18:21,"Afternoon Workout",39h 28m,"Bent Over Row (Barbell)",5,145.0,5,0,0,,,
2024-01-31 15:18:21,"Afternoon Workout",39h 28m,"Bench Press (Barbell)",1,135.0,5,0,0,"",,
2024-01-31 15:18:21,"Afternoon Workout",39h 28m,"Bench Press (Barbell)",2,195.0,3,0,0,,,
2024-01-31 15:18:21,"Afternoon Workout",39h 28m,"Bench Press (Barbell)",3,185.00000000000003,5,0,0,,,
2024-01-31 15:18:21,"Afternoon Workout",39h 28m,"Bench Press (Barbell)",4,185.00000000000003,5,0,0,,,
2024-01-31 15:18:21,"Afternoon Workout",39h 28m,"Bench Press (Barbell)",5,185.00000000000003,5,0,0,,,
2024-01-31 15:18:21,"Afternoon Workout",39h 28m,"Bench Press (Barbell)",6,135.0,5,0,0,,,
2024-01-31 15:18:21,"Afternoon Workout",39h 28m,"Bench Press (Dumbbell)",1,60.0,5,0,0,"",,
2024-01-31 15:18:21,"Afternoon Workout",39h 28m,"Bench Press (Dumbbell)",2,50.0,8,0,0,,,
2024-01-31 15:18:21,"Afternoon Workout",39h 28m,"Bench Press (Dumbbell)",3,50.0,8,0,0,,,
2024-01-31 15:18:21,"Afternoon Workout",39h 28m,"Pullover (Dumbbell)",1,40.0,10,0,0,"",,
2024-01-31 15:18:21,"Afternoon Workout",39h 28m,"Pullover (Dumbbell)",2,40.0,10,0,0,,,
2024-01-31 15:18:21,"Afternoon Workout",39h 28m,"Chest Fly (Dumbbell)",1,40.0,8,0,0,"",,
2024-01-31 15:18:21,"Afternoon Workout",39h 28m,"Chest Fly (Dumbbell)",2,40.0,8,0,0,,,
2024-02-02 06:46:51,"Early Morning Workout",52m,"Squat (Barbell)",1,135.0,5,0,0,"","",
2024-02-02 06:46:51,"Early Morning Workout",52m,"Squat (Barbell)",2,185.00000000000003,5,0,0,,,
2024-02-02 06:46:51,"Early Morning Workout",52m,"Squat (Barbell)",3,195.0,5,0,0,,,
2024-02-02 06:46:51,"Early Morning Workout",52m,"Squat (Barbell)",4,195.0,5,0,0,,,
2024-02-02 06:46:51,"Early Morning Workout",52m,"Squat (Barbell)",5,195.0,5,0,0,,,
2024-02-02 06:46:51,"Early Morning Workout",52m,"Squat (Barbell)",6,135.0,5,0,0,,,
2024-02-02 06:46:51,"Early Morning Workout",52m,"Deadlift (Barbell)",1,135.0,5,0,0,"",,
2024-02-02 06:46:51,"Early Morning Workout",52m,"Deadlift (Barbell)",2,185.00000000000003,5,0,0,,,
2024-02-02 06:46:51,"Early Morning Workout",52m,"Deadlift (Barbell)",3,185.00000000000003,8,0,0,,,
2024-02-02 06:46:51,"Early Morning Workout",52m,"Deadlift (Barbell)",4,185.00000000000003,8,0,0,,,
2024-02-02 06:46:51,"Early Morning Workout",52m,"Deadlift (Barbell)",5,135.0,5,0,0,,,
2024-02-02 06:46:51,"Early Morning Workout",52m,"Strict Military Press (Barbell)",1,74.99999999999999,5,0,0,"",,
2024-02-02 06:46:51,"Early Morning Workout",52m,"Strict Military Press (Barbell)",2,74.99999999999999,5,0,0,,,
2024-02-02 06:46:51,"Early Morning Workout",52m,"Strict Military Press (Barbell)",3,74.99999999999999,5,0,0,,,
2024-02-02 06:46:51,"Early Morning Workout",52m,"Strict Military Press (Barbell)",4,74.99999999999999,5,0,0,,,
2024-02-02 06:46:51,"Early Morning Workout",52m,"Strict Military Press (Barbell)",5,74.99999999999999,5,0,0,,,
2024-02-02 06:46:51,"Early Morning Workout",52m,"Lat Pulldown (Cable)",1,105.0,12,0,0,"",,
2024-02-02 06:46:51,"Early Morning Workout",52m,"Lat Pulldown (Cable)",2,105.0,12,0,0,,,
2024-02-02 06:46:51,"Early Morning Workout",52m,"Lat Pulldown - Underhand (Cable)",1,135.0,12,0,0,"",,
2024-02-02 06:46:51,"Early Morning Workout",52m,"Lat Pulldown - Underhand (Cable)",2,155.0,12,0,0,,,
2024-02-02 06:46:51,"Early Morning Workout",52m,"Seated Row (Cable)",1,80.0,12,0,0,"",,
2024-02-02 06:46:51,"Early Morning Workout",52m,"Seated Row (Cable)",2,80.0,12,0,0,,,
2024-02-02 06:46:51,"Early Morning Workout",52m,"Seated Row (Cable)",3,120.0,12,0,0,,,
2024-02-02 06:46:51,"Early Morning Workout",52m,"Bicep Curl (Barbell)",1,70.0,8,0,0,"",,
2024-02-02 06:46:51,"Early Morning Workout",52m,"Bicep Curl (Barbell)",2,60.0,10,0,0,,,
2024-02-05 08:29:58,"Morning Workout",1h 8m,"Squat (Barbell)",1,135.0,5,0,0,"","",
2024-02-05 08:29:58,"Morning Workout",1h 8m,"Squat (Barbell)",2,220.0,5,0,0,,,
2024-02-05 08:29:58,"Morning Workout",1h 8m,"Squat (Barbell)",3,242.0,5,0,0,,,
2024-02-05 08:29:58,"Morning Workout",1h 8m,"Squat (Barbell)",4,253.0,5,0,0,,,
2024-02-05 08:29:58,"Morning Workout",1h 8m,"Squat (Barbell)",5,242.0,5,0,0,,,
2024-02-05 08:29:58,"Morning Workout",1h 8m,"Squat (Barbell)",6,220.0,5,0,0,,,
2024-02-05 08:29:58,"Morning Workout",1h 8m,"Bench Press (Barbell)",1,135.0,5,0,0,"",,
2024-02-05 08:29:58,"Morning Workout",1h 8m,"Bench Press (Barbell)",2,187.0,5,0,0,,,
2024-02-05 08:29:58,"Morning Workout",1h 8m,"Bench Press (Barbell)",3,187.0,5,0,0,,,
2024-02-05 08:29:58,"Morning Workout",1h 8m,"Bench Press (Barbell)",4,187.0,4,0,0,,,
2024-02-05 08:29:58,"Morning Workout",1h 8m,"Bench Press (Barbell)",5,176.0,5,0,0,,,
2024-02-05 08:29:58,"Morning Workout",1h 8m,"Bench Press (Barbell)",6,176.0,5,0,0,,,
2024-02-05 08:29:58,"Morning Workout",1h 8m,"Bent Over Row (Barbell)",1,145.0,5,0,0,"",,
2024-02-05 08:29:58,"Morning Workout",1h 8m,"Bent Over Row (Barbell)",2,145.0,5,0,0,,,
2024-02-05 08:29:58,"Morning Workout",1h 8m,"Bent Over Row (Barbell)",3,145.0,5,0,0,,,
2024-02-05 08:29:58,"Morning Workout",1h 8m,"Bent Over Row (Barbell)",4,145.0,5,0,0,,,
2024-02-05 08:29:58,"Morning Workout",1h 8m,"Bent Over Row (Barbell)",5,145.0,5,0,0,,,
2024-02-07 08:34:16,"Morning Workout",21h 36m,"Squat (Barbell)",1,135.0,10,0,0,"","",
2024-02-07 08:34:16,"Morning Workout",21h 36m,"Squat (Barbell)",2,220.0,5,0,0,,,
2024-02-07 08:34:16,"Morning Workout",21h 36m,"Squat (Barbell)",3,242.0,5,0,0,,,
2024-02-07 08:34:16,"Morning Workout",21h 36m,"Squat (Barbell)",4,253.0,5,0,0,,,
2024-02-07 08:34:16,"Morning Workout",21h 36m,"Squat (Barbell)",5,220.0,5,0,0,,,
2024-02-07 08:34:16,"Morning Workout",21h 36m,"Squat (Barbell)",6,220.0,5,0,0,,,
2024-02-07 08:34:16,"Morning Workout",21h 36m,"Deadlift (Barbell)",1,135.0,10,0,0,"",,
2024-02-07 08:34:16,"Morning Workout",21h 36m,"Deadlift (Barbell)",2,198.0,5,0,0,,,
2024-02-07 08:34:16,"Morning Workout",21h 36m,"Deadlift (Barbell)",3,220.0,5,0,0,,,
2024-02-07 08:34:16,"Morning Workout",21h 36m,"Deadlift (Barbell)",4,198.0,5,0,0,,,
2024-02-07 08:34:16,"Morning Workout",21h 36m,"Deadlift (Barbell)",5,135.0,10,0,0,,,
2024-02-07 08:34:16,"Morning Workout",21h 36m,"Strict Military Press (Barbell)",1,88.0,5,0,0,"",,
2024-02-07 08:34:16,"Morning Workout",21h 36m,"Strict Military Press (Barbell)",2,88.0,5,0,0,,,
2024-02-07 08:34:16,"Morning Workout",21h 36m,"Strict Military Press (Barbell)",3,88.0,5,0,0,,,
2024-02-07 08:34:16,"Morning Workout",21h 36m,"Strict Military Press (Barbell)",4,88.0,5,0,0,,,
2024-02-07 08:34:16,"Morning Workout",21h 36m,"Strict Military Press (Barbell)",5,88.0,5,0,0,,,
2024-02-07 08:34:16,"Morning Workout",21h 36m,"Bicep Curl (Dumbbell)",1,35.0,10,0,0,"",,
2024-02-07 08:34:16,"Morning Workout",21h 36m,"Bicep Curl (Dumbbell)",2,35.0,8,0,0,,,
2024-02-08 06:53:26,"Early Morning Workout",1h 27m,"Crunch",1,0,100,0,0,"","",
2024-02-08 06:53:26,"Early Morning Workout",1h 27m,"Bench Press (Barbell)",1,135.0,5,0,0,"Just getting reps in\nCurious bodyweight max: 8",,
2024-02-08 06:53:26,"Early Morning Workout",1h 27m,"Bench Press (Barbell)",2,170.0,8,0,0,,,
2024-02-08 06:53:26,"Early Morning Workout",1h 27m,"Bench Press (Barbell)",3,155.0,10,0,0,,,
2024-02-08 06:53:26,"Early Morning Workout",1h 27m,"Bench Press (Barbell)",4,155.0,10,0,0,,,
2024-02-08 06:53:26,"Early Morning Workout",1h 27m,"Bench Press (Barbell)",5,155.0,8,0,0,,,
2024-02-08 06:53:26,"Early Morning Workout",1h 27m,"Incline Bench Press (Dumbbell)",1,40.0,8,0,0,"",,
2024-02-08 06:53:26,"Early Morning Workout",1h 27m,"Incline Bench Press (Dumbbell)",2,40.0,10,0,0,,,
2024-02-08 06:53:26,"Early Morning Workout",1h 27m,"Incline Chest Fly (Dumbbell)",1,40.0,10,0,0,"",,
2024-02-08 06:53:26,"Early Morning Workout",1h 27m,"Incline Chest Fly (Dumbbell)",2,40.0,10,0,0,,,
2024-02-08 06:53:26,"Early Morning Workout",1h 27m,"Pullover (Dumbbell)",1,45.0,12,0,0,"",,
2024-02-08 06:53:26,"Early Morning Workout",1h 27m,"Pullover (Dumbbell)",2,45.0,12,0,0,,,
2024-02-08 06:53:26,"Early Morning Workout",1h 27m,"Triceps Extension (Dumbbell)",1,25.0,4,0,0,"",,
2024-02-08 06:53:26,"Early Morning Workout",1h 27m,"Triceps Extension (Dumbbell)",2,20.0,8,0,0,,,
2024-02-08 06:53:26,"Early Morning Workout",1h 27m,"Triceps Extension (Dumbbell)",3,20.0,8,0,0,,,
2024-02-08 06:53:26,"Early Morning Workout",1h 27m,"Tricep Kickback",1,20.0,3,0,0,"",,
2024-02-08 06:53:26,"Early Morning Workout",1h 27m,"Tricep Kickback",2,15.0,8,0,0,,,
2024-02-08 06:53:26,"Early Morning Workout",1h 27m,"Tricep Kickback",3,15.0,8,0,0,,,
2024-02-09 07:08:15,"Early Morning Workout",1h 1m,"Crunch",1,0,25,0,0,"Myotatic","",
2024-02-09 07:08:15,"Early Morning Workout",1h 1m,"Crunch",2,0,25,0,0,,,
2024-02-09 07:08:15,"Early Morning Workout",1h 1m,"Russian Twist",1,0,50,0,0,"",,
2024-02-09 07:08:15,"Early Morning Workout",1h 1m,"Russian Twist",2,0,50,0,0,,,
2024-02-09 07:08:15,"Early Morning Workout",1h 1m,"Side Plank",1,0,0,0,30,"",,
2024-02-09 07:08:15,"Early Morning Workout",1h 1m,"Side Plank",2,0,0,0,30,,,
2024-02-09 07:08:15,"Early Morning Workout",1h 1m,"Flat Leg Raise",1,0,10,0,0,"",,
2024-02-09 07:08:15,"Early Morning Workout",1h 1m,"Flat Leg Raise",2,0,10,0,0,,,
2024-02-09 07:08:15,"Early Morning Workout",1h 1m,"Lat Pulldown (Cable)",1,120.0,8,0,0,"",,
2024-02-09 07:08:15,"Early Morning Workout",1h 1m,"Lat Pulldown (Cable)",2,110.0,8,0,0,,,
2024-02-09 07:08:15,"Early Morning Workout",1h 1m,"Lat Pulldown (Cable)",3,110.0,8,0,0,,,
2024-02-09 07:08:15,"Early Morning Workout",1h 1m,"Lat Pulldown - Underhand (Cable)",1,140.0,8,0,0,"",,
2024-02-09 07:08:15,"Early Morning Workout",1h 1m,"Lat Pulldown - Underhand (Cable)",2,160.0,8,0,0,,,
2024-02-09 07:08:15,"Early Morning Workout",1h 1m,"Lat Pulldown - Underhand (Cable)",3,160.0,8,0,0,,,
2024-02-09 07:08:15,"Early Morning Workout",1h 1m,"Incline Row (Dumbbell)",1,55.0,8,0,0,"",,
2024-02-09 07:08:15,"Early Morning Workout",1h 1m,"Incline Row (Dumbbell)",2,55.0,8,0,0,,,
2024-02-09 07:08:15,"Early Morning Workout",1h 1m,"Incline Row (Dumbbell)",3,45.0,12,0,0,,,
2024-02-09 07:08:15,"Early Morning Workout",1h 1m,"Preacher Curl (Barbell)",1,50.0,10,0,0,"",,
2024-02-09 07:08:15,"Early Morning Workout",1h 1m,"Preacher Curl (Barbell)",2,50.0,10,0,0,,,
2024-02-09 07:08:15,"Early Morning Workout",1h 1m,"Bicep Curl (Cable)",1,50.0,10,0,0,"",,
2024-02-09 07:08:15,"Early Morning Workout",1h 1m,"Bicep Curl (Cable)",2,57.0,7,0,0,,,
2024-02-09 07:08:15,"Early Morning Workout",1h 1m,"Bicep Curl (Cable)",3,50.0,5,0,0,,,
2024-02-09 07:08:15,"Early Morning Workout",1h 1m,"Triceps Pushdown (Cable - Straight Bar)",1,50.0,12,0,0,"",,
2024-02-09 07:08:15,"Early Morning Workout",1h 1m,"Triceps Pushdown (Cable - Straight Bar)",2,50.0,12,0,0,,,
2024-02-09 07:08:15,"Early Morning Workout",1h 1m,"Seated Row (Cable)",1,40.0,12,0,0,"Single arm",,
2024-02-09 07:08:15,"Early Morning Workout",1h 1m,"Seated Row (Cable)",2,40.0,12,0,0,,,
2024-02-11 10:26:04,"Strong 5x5 - Workout B",1h 3m,"Squat (Barbell)",1,185.00000000000003,10,0,0,"Form form form not going up today\nWell actually last set felt nice","",
2024-02-11 10:26:04,"Strong 5x5 - Workout B",1h 3m,"Squat (Barbell)",2,225.0,5,0,0,,,
2024-02-11 10:26:04,"Strong 5x5 - Workout B",1h 3m,"Squat (Barbell)",3,225.0,5,0,0,,,
2024-02-11 10:26:04,"Strong 5x5 - Workout B",1h 3m,"Squat (Barbell)",4,225.0,5,0,0,,,
2024-02-11 10:26:04,"Strong 5x5 - Workout B",1h 3m,"Squat (Barbell)",5,225.0,5,0,0,,,
2024-02-11 10:26:04,"Strong 5x5 - Workout B",1h 3m,"Squat (Barbell)",6,245.00000000000003,5,0,0,,,
2024-02-11 10:26:04,"Strong 5x5 - Workout B",1h 3m,"Overhead Press (Barbell)",1,85.0,5,0,0,"Add momentum , counting fail",,
2024-02-11 10:26:04,"Strong 5x5 - Workout B",1h 3m,"Overhead Press (Barbell)",2,85.0,5,0,0,,,
2024-02-11 10:26:04,"Strong 5x5 - Workout B",1h 3m,"Overhead Press (Barbell)",3,85.0,5,0,0,,,
2024-02-11 10:26:04,"Strong 5x5 - Workout B",1h 3m,"Overhead Press (Barbell)",4,85.0,5,0,0,,,
2024-02-11 10:26:04,"Strong 5x5 - Workout B",1h 3m,"Overhead Press (Barbell)",5,85.0,5,0,0,,,
2024-02-11 10:26:04,"Strong 5x5 - Workout B",1h 3m,"Deadlift (Barbell)",1,135.0,10,0,0,"",,
2024-02-11 10:26:04,"Strong 5x5 - Workout B",1h 3m,"Deadlift (Barbell)",2,205.0,5,0,0,,,
2024-02-11 10:26:04,"Strong 5x5 - Workout B",1h 3m,"Deadlift (Barbell)",3,225.0,5,0,0,,,
2024-02-11 10:26:04,"Strong 5x5 - Workout B",1h 3m,"Deadlift (Barbell)",4,135.0,10,0,0,,,
2024-02-11 10:26:04,"Strong 5x5 - Workout B",1h 3m,"Bicep Curl (Barbell)",1,80.0,6,0,0,"",,
2024-02-11 10:26:04,"Strong 5x5 - Workout B",1h 3m,"Bicep Curl (Barbell)",2,70.0,6,0,0,,,
2024-02-11 10:26:04,"Strong 5x5 - Workout B",1h 3m,"Bicep Curl (Barbell)",3,60.0,6,0,0,,,
2024-02-12 07:30:07,"Early Morning Workout",1h 2m,"Bench Press (Barbell)",1,135.0,5,0,0,"","",
2024-02-12 07:30:07,"Early Morning Workout",1h 2m,"Bench Press (Barbell)",2,185.00000000000003,5,0,0,,,
2024-02-12 07:30:07,"Early Morning Workout",1h 2m,"Bench Press (Barbell)",3,185.00000000000003,5,0,0,,,
2024-02-12 07:30:07,"Early Morning Workout",1h 2m,"Bench Press (Barbell)",4,185.00000000000003,5,0,0,,,
2024-02-12 07:30:07,"Early Morning Workout",1h 2m,"Bench Press (Barbell)",5,185.00000000000003,5,0,0,,,
2024-02-12 07:30:07,"Early Morning Workout",1h 2m,"Bench Press (Barbell)",6,185.00000000000003,5,0,0,,,
2024-02-12 07:30:07,"Early Morning Workout",1h 2m,"Bench Press (Barbell)",7,165.0,8,0,0,,,
2024-02-12 07:30:07,"Early Morning Workout",1h 2m,"Incline Bench Press (Barbell)",1,130.0,5,0,0,"",,
2024-02-12 07:30:07,"Early Morning Workout",1h 2m,"Incline Bench Press (Barbell)",2,130.0,5,0,0,,,
2024-02-12 07:30:07,"Early Morning Workout",1h 2m,"Incline Bench Press (Barbell)",3,130.0,5,0,0,,,
2024-02-12 07:30:07,"Early Morning Workout",1h 2m,"Triceps Extension (Barbell)",1,60.0,5,0,0,"",,
2024-02-12 07:30:07,"Early Morning Workout",1h 2m,"Triceps Extension (Barbell)",2,50.0,8,0,0,,,
2024-02-12 07:30:07,"Early Morning Workout",1h 2m,"Triceps Extension (Barbell)",3,50.0,8,0,0,,,
2024-02-12 07:30:07,"Early Morning Workout",1h 2m,"Triceps Extension (Barbell)",4,50.0,8,0,0,,,
2024-02-12 07:30:07,"Early Morning Workout",1h 2m,"Triceps Pushdown (Cable - Straight Bar)",1,50.0,10,0,0,"",,
2024-02-12 07:30:07,"Early Morning Workout",1h 2m,"Triceps Pushdown (Cable - Straight Bar)",2,50.0,10,0,0,,,
2024-02-12 07:30:07,"Early Morning Workout",1h 2m,"Triceps Pushdown (Cable - Straight Bar)",3,50.0,10,0,0,,,
2024-02-12 07:30:07,"Early Morning Workout",1h 2m,"Crunch",1,0,50,0,0,"",,
2024-02-14 07:36:16,"Early Morning Workout",1h 17m,"Bent Over Row (Barbell)",1,145.0,5,0,0,"","",
2024-02-14 07:36:16,"Early Morning Workout",1h 17m,"Bent Over Row (Barbell)",2,145.0,5,0,0,,,
2024-02-14 07:36:16,"Early Morning Workout",1h 17m,"Bent Over Row (Barbell)",3,145.0,5,0,0,,,
2024-02-14 07:36:16,"Early Morning Workout",1h 17m,"Bent Over Row (Barbell)",4,145.0,5,0,0,,,
2024-02-14 07:36:16,"Early Morning Workout",1h 17m,"Bent Over Row (Barbell)",5,145.0,5,0,0,,,
2024-02-14 07:36:16,"Early Morning Workout",1h 17m,"Incline Row (Dumbbell)",1,55.0,8,0,0,"",,
2024-02-14 07:36:16,"Early Morning Workout",1h 17m,"Incline Row (Dumbbell)",2,55.0,8,0,0,,,
2024-02-14 07:36:16,"Early Morning Workout",1h 17m,"Incline Row (Dumbbell)",3,55.0,8,0,0,,,
2024-02-14 07:36:16,"Early Morning Workout",1h 17m,"Lat Pulldown (Cable)",1,110.0,8,0,0,"",,
2024-02-14 07:36:16,"Early Morning Workout",1h 17m,"Lat Pulldown (Cable)",2,110.0,8,0,0,,,
2024-02-14 07:36:16,"Early Morning Workout",1h 17m,"Lat Pulldown (Cable)",3,100.0,8,0,0,,,
2024-02-14 07:36:16,"Early Morning Workout",1h 17m,"Lat Pulldown (Cable)",1,120.0,8,0,0,"",,
2024-02-14 07:36:16,"Early Morning Workout",1h 17m,"Lat Pulldown (Cable)",2,110.0,8,0,0,,,
2024-02-14 07:36:16,"Early Morning Workout",1h 17m,"Lat Pulldown (Cable)",3,110.0,8,0,0,,,
2024-02-14 07:36:16,"Early Morning Workout",1h 17m,"Seated Row (Cable)",1,50.0,8,0,0,"",,
2024-02-14 07:36:16,"Early Morning Workout",1h 17m,"Seated Row (Cable)",2,50.0,8,0,0,,,
2024-02-14 07:36:16,"Early Morning Workout",1h 17m,"Seated Row (Cable)",3,50.0,8,0,0,,,
2024-02-14 07:36:16,"Early Morning Workout",1h 17m,"Bicep Curl (Machine)",1,55.0,8,0,0,"",,
2024-02-14 07:36:16,"Early Morning Workout",1h 17m,"Bicep Curl (Machine)",2,55.0,8,0,0,,,
2024-02-14 07:36:16,"Early Morning Workout",1h 17m,"Bicep Curl (Machine)",3,55.0,8,0,0,,,
2024-02-14 07:36:16,"Early Morning Workout",1h 17m,"Bicep Curl (Dumbbell)",1,20.0,10,0,0,"One arm static hold",,
2024-02-14 07:36:16,"Early Morning Workout",1h 17m,"Bicep Curl (Dumbbell)",2,20.0,10,0,0,,,
2024-02-14 07:36:16,"Early Morning Workout",1h 17m,"Bicep Curl (Dumbbell)",3,20.0,10,0,0,,,
2024-02-14 07:36:16,"Early Morning Workout",1h 17m,"Seated Palms Up Wrist Curl (Dumbbell)",1,15.0,20,0,0,"",,
2024-02-14 07:36:16,"Early Morning Workout",1h 17m,"Seated Palms Up Wrist Curl (Dumbbell)",2,15.0,20,0,0,,,
2024-02-15 06:41:37,"Abs",22m,"Pull Up",1,0,15,0,0,"","",
2024-02-15 06:41:37,"Abs",22m,"Pull Up",2,0,10,0,0,,,
2024-02-15 06:41:37,"Abs",22m,"Pull Up",3,0,5,0,0,,,
2024-02-15 06:41:37,"Abs",22m,"Crunch",1,0,50,0,0,"Bosu",,
2024-02-15 06:41:37,"Abs",22m,"Crunch",2,0,50,0,0,,,
2024-02-15 06:41:37,"Abs",22m,"Russian Twist",1,0,50,0,0,"",,
2024-02-15 06:41:37,"Abs",22m,"Russian Twist",2,0,25,0,0,,,
2024-02-15 06:41:37,"Abs",22m,"Flat Leg Raise",1,0,20,0,0,"",,
2024-02-15 06:41:37,"Abs",22m,"Flat Leg Raise",2,0,20,0,0,,,
2024-02-15 06:41:37,"Abs",22m,"Side Bend (Dumbbell)",1,20.0,20,0,0,"",,
2024-02-15 06:41:37,"Abs",22m,"Side Bend (Dumbbell)",2,20.0,20,0,0,,,
2024-02-15 06:41:37,"Abs",22m,"Good Morning (Barbell)",1,65.0,20,0,0,"",,
2024-02-15 06:41:37,"Abs",22m,"Good Morning (Barbell)",2,65.0,20,0,0,,,
2024-02-15 06:41:37,"Abs",22m,"Good Morning (Barbell)",3,65.0,20,0,0,,,
2024-02-15 06:41:37,"Abs",22m,"Overhead Press (Barbell)",1,85.0,5,0,0,"",,
2024-02-15 06:41:37,"Abs",22m,"Overhead Press (Barbell)",2,85.0,5,0,0,,,
2024-02-15 06:41:37,"Abs",22m,"Overhead Press (Barbell)",3,85.0,5,0,0,,,
2024-02-15 06:41:37,"Abs",22m,"Overhead Press (Barbell)",4,85.0,5,0,0,,,
2024-02-15 06:41:37,"Abs",22m,"Overhead Press (Barbell)",5,85.0,5,0,0,,,
2024-02-16 17:04:24,"Afternoon Workout",23m,"Pull Up",1,0,16,0,0,"","",
2024-02-16 17:04:24,"Afternoon Workout",23m,"Pull Up",2,0,8,0,0,,,
2024-02-16 17:04:24,"Afternoon Workout",23m,"Pull Up",3,0,5,0,0,,,
2024-02-16 17:04:24,"Afternoon Workout",23m,"Pull Up",4,0,10,0,0,,,
2024-02-16 17:04:24,"Afternoon Workout",23m,"Pull Up",5,0,8,0,0,,,
2024-02-16 17:04:24,"Afternoon Workout",23m,"Pull Up",6,0,6,0,0,,,
2024-02-16 17:04:24,"Afternoon Workout",23m,"Crunch",1,0,50,0,0,"Bosu",,
2024-02-16 17:04:24,"Afternoon Workout",23m,"Crunch",2,0,50,0,0,,,
2024-02-16 17:04:24,"Afternoon Workout",23m,"Russian Twist",1,0,50,0,0,"",,
2024-02-16 17:04:24,"Afternoon Workout",23m,"Russian Twist",2,0,50,0,0,,,
2024-02-16 17:04:24,"Afternoon Workout",23m,"Flat Leg Raise",1,0,20,0,0,"",,
2024-02-16 17:04:24,"Afternoon Workout",23m,"Flat Leg Raise",2,0,20,0,0,,,
2024-02-16 17:04:24,"Afternoon Workout",23m,"Kettlebell Swing",1,44.0,25,0,0,"",,
2024-02-16 17:04:24,"Afternoon Workout",23m,"Kettlebell Swing",2,44.0,25,0,0,,,
2024-02-19 10:44:26,"Morning Workout",1h 23m,"Pull Up",1,0,10,0,0,"","",
2024-02-19 10:44:26,"Morning Workout",1h 23m,"Pull Up",2,0,10,0,0,,,
2024-02-19 10:44:26,"Morning Workout",1h 23m,"Pull Up",3,0,10,0,0,,,
2024-02-19 10:44:26,"Morning Workout",1h 23m,"Squat (Barbell)",1,185.00000000000003,10,0,0,"",,
2024-02-19 10:44:26,"Morning Workout",1h 23m,"Bench Press (Barbell)",1,135.0,5,0,0,"",,
2024-02-19 10:44:26,"Morning Workout",1h 23m,"Bench Press (Barbell)",2,176.0,5,0,0,,,
2024-02-19 10:44:26,"Morning Workout",1h 23m,"Bench Press (Barbell)",3,198.0,5,0,0,,,
2024-02-19 10:44:26,"Morning Workout",1h 23m,"Bench Press (Barbell)",4,186.0,5,0,0,,,
2024-02-19 10:44:26,"Morning Workout",1h 23m,"Bench Press (Barbell)",5,186.0,5,0,0,,,
2024-02-19 10:44:26,"Morning Workout",1h 23m,"Bench Press (Barbell)",6,186.0,5,0,0,,,
2024-02-19 10:44:26,"Morning Workout",1h 23m,"Incline Bench Press (Barbell)",1,110.0,8,0,0,"",,
2024-02-19 10:44:26,"Morning Workout",1h 23m,"Incline Bench Press (Barbell)",2,110.0,8,0,0,,,
2024-02-19 10:44:26,"Morning Workout",1h 23m,"Incline Bench Press (Barbell)",3,110.0,8,0,0,,,
2024-02-19 10:44:26,"Morning Workout",1h 23m,"Landmine Row",1,88.0,5,0,0,"",,
2024-02-19 10:44:26,"Morning Workout",1h 23m,"Landmine Row",2,132.0,5,0,0,,,
2024-02-19 10:44:26,"Morning Workout",1h 23m,"Landmine Row",3,132.0,5,0,0,,,
2024-02-19 10:44:26,"Morning Workout",1h 23m,"Landmine Row",4,132.0,5,0,0,,,
2024-02-19 10:44:26,"Morning Workout",1h 23m,"Landmine Row",5,132.0,5,0,0,,,
2024-02-19 10:44:26,"Morning Workout",1h 23m,"Landmine Row",6,132.0,5,0,0,,,
2024-02-19 10:44:26,"Morning Workout",1h 23m,"Meadows Row",1,88.0,8,0,0,"",,
2024-02-19 10:44:26,"Morning Workout",1h 23m,"Meadows Row",2,88.0,10,0,0,,,
2024-02-19 10:44:26,"Morning Workout",1h 23m,"Meadows Row",3,88.0,10,0,0,,,
2024-02-19 10:44:26,"Morning Workout",1h 23m,"Monkey Ups",1,0,8,0,0,"Death fail",,
2024-02-22 07:29:18,"Strong 5x5 - Workout B",1h 38m,"Crunch",1,0,50,0,0,"","",
2024-02-22 07:29:18,"Strong 5x5 - Workout B",1h 38m,"Crunch",2,0,50,0,0,,,
2024-02-22 07:29:18,"Strong 5x5 - Workout B",1h 38m,"Side Plank",1,0,0,0,30,"",,
2024-02-22 07:29:18,"Strong 5x5 - Workout B",1h 38m,"Side Plank",2,0,0,0,30,,,
2024-02-22 07:29:18,"Strong 5x5 - Workout B",1h 38m,"Bulgarian Split Squat",1,90.0,12,0,0,"",,
2024-02-22 07:29:18,"Strong 5x5 - Workout B",1h 38m,"Bulgarian Split Squat",2,100.0,12,0,0,,,
2024-02-22 07:29:18,"Strong 5x5 - Workout B",1h 38m,"Bulgarian Split Squat",3,110.0,12,0,0,,,
2024-02-22 07:29:18,"Strong 5x5 - Workout B",1h 38m,"Overhead Press (Barbell)",1,110.0,5,0,0,"",,
2024-02-22 07:29:18,"Strong 5x5 - Workout B",1h 38m,"Overhead Press (Barbell)",2,110.0,5,0,0,,,
2024-02-22 07:29:18,"Strong 5x5 - Workout B",1h 38m,"Overhead Press (Barbell)",3,88.0,5,0,0,,,
2024-02-22 07:29:18,"Strong 5x5 - Workout B",1h 38m,"Overhead Press (Barbell)",4,88.0,5,0,0,,,
2024-02-22 07:29:18,"Strong 5x5 - Workout B",1h 38m,"Overhead Press (Barbell)",5,88.0,5,0,0,,,
2024-02-22 07:29:18,"Strong 5x5 - Workout B",1h 38m,"Deadlift (Barbell)",1,135.0,10,0,0,"",,
2024-02-22 07:29:18,"Strong 5x5 - Workout B",1h 38m,"Deadlift (Barbell)",2,205.0,5,0,0,,,
2024-02-22 07:29:18,"Strong 5x5 - Workout B",1h 38m,"Deadlift (Barbell)",3,242.0,5,0,0,,,
2024-02-22 07:29:18,"Strong 5x5 - Workout B",1h 38m,"Deadlift (Barbell)",4,135.0,10,0,0,,,
2024-02-22 07:29:18,"Strong 5x5 - Workout B",1h 38m,"Face Pull (Cable)",1,30.0,12,0,0,"",,
2024-02-22 07:29:18,"Strong 5x5 - Workout B",1h 38m,"Face Pull (Cable)",2,30.0,12,0,0,,,
2024-02-22 07:29:18,"Strong 5x5 - Workout B",1h 38m,"Face Pull (Cable)",3,30.0,12,0,0,,,
2024-02-26 18:20:58,"Evening Workout",48m,"Squat (Barbell)",1,185.00000000000003,10,0,0,"","",
2024-02-26 18:20:58,"Evening Workout",48m,"Squat (Barbell)",2,220.0,5,0,0,,,
2024-02-26 18:20:58,"Evening Workout",48m,"Squat (Barbell)",3,242.0,5,0,0,,,
2024-02-26 18:20:58,"Evening Workout",48m,"Squat (Barbell)",4,264.0,5,0,0,,,
2024-02-26 18:20:58,"Evening Workout",48m,"Squat (Barbell)",5,242.0,5,0,0,,,
2024-02-26 18:20:58,"Evening Workout",48m,"Squat (Barbell)",6,220.0,5,0,0,,,
2024-02-26 18:20:58,"Evening Workout",48m,"Overhead Press (Barbell)",1,110.0,5,0,0,"",,
2024-02-26 18:20:58,"Evening Workout",48m,"Overhead Press (Barbell)",2,110.0,5,0,0,,,
2024-02-26 18:20:58,"Evening Workout",48m,"Overhead Press (Barbell)",3,88.0,5,0,0,,,
2024-02-26 18:20:58,"Evening Workout",48m,"Overhead Press (Barbell)",4,88.0,5,0,0,,,
2024-02-26 18:20:58,"Evening Workout",48m,"Overhead Press (Barbell)",5,88.0,5,0,0,,,
2024-02-26 18:20:58,"Evening Workout",48m,"Deadlift (Barbell)",1,135.0,10,0,0,"",,
2024-02-26 18:20:58,"Evening Workout",48m,"Deadlift (Barbell)",2,242.0,5,0,0,,,
2024-02-26 18:20:58,"Evening Workout",48m,"Deadlift (Barbell)",3,135.0,10,0,0,,,
2024-02-27 16:00:07,"Afternoon Workout",2h 52m,"Squat (Barbell)",1,135.0,10,0,0,"","",
2024-02-27 16:00:07,"Afternoon Workout",2h 52m,"Squat (Barbell)",2,220.0,5,0,0,,,
2024-02-27 16:00:07,"Afternoon Workout",2h 52m,"Squat (Barbell)",3,220.0,5,0,0,,,
2024-02-27 16:00:07,"Afternoon Workout",2h 52m,"Squat (Barbell)",4,220.0,5,0,0,,,
2024-02-27 16:00:07,"Afternoon Workout",2h 52m,"Squat (Barbell)",5,220.0,5,0,0,,,
2024-02-27 16:00:07,"Afternoon Workout",2h 52m,"Squat (Barbell)",6,264.0,5,0,0,,,
2024-02-27 16:00:07,"Afternoon Workout",2h 52m,"Bench Press (Barbell)",1,135.0,5,0,0,"",,
2024-02-27 16:00:07,"Afternoon Workout",2h 52m,"Bench Press (Barbell)",2,198.0,5,0,0,,,
2024-02-27 16:00:07,"Afternoon Workout",2h 52m,"Bench Press (Barbell)",3,176.0,5,0,0,,,
2024-02-27 16:00:07,"Afternoon Workout",2h 52m,"Bench Press (Barbell)",4,176.0,5,0,0,,,
2024-02-27 16:00:07,"Afternoon Workout",2h 52m,"Bench Press (Barbell)",5,176.0,5,0,0,,,
2024-02-27 16:00:07,"Afternoon Workout",2h 52m,"Bench Press (Barbell)",6,176.0,5,0,0,,,
2024-02-27 16:00:07,"Afternoon Workout",2h 52m,"Landmine Row",1,88.0,10,0,0,"",,
2024-02-27 16:00:07,"Afternoon Workout",2h 52m,"Landmine Row",2,132.0,5,0,0,,,
2024-02-27 16:00:07,"Afternoon Workout",2h 52m,"Landmine Row",3,132.0,5,0,0,,,
2024-02-27 16:00:07,"Afternoon Workout",2h 52m,"Landmine Row",4,132.0,5,0,0,,,
2024-02-27 16:00:07,"Afternoon Workout",2h 52m,"Landmine Row",5,132.0,10,0,0,,,
2024-02-27 16:00:07,"Afternoon Workout",2h 52m,"Landmine Row",6,165.0,5,0,0,,,
2024-02-27 16:00:07,"Afternoon Workout",2h 52m,"Crunch",1,0,50,0,0,"",,
2024-02-27 16:00:07,"Afternoon Workout",2h 52m,"Crunch",2,0,50,0,0,,,
2024-03-01 15:50:10,"Afternoon Workout",1h 12m,"Pull Up",1,0,10,0,0,"","",
2024-03-01 15:50:10,"Afternoon Workout",1h 12m,"Pull Up",2,0,10,0,0,,,
2024-03-01 15:50:10,"Afternoon Workout",1h 12m,"Squat (Barbell)",1,135.0,10,0,0,"",,
2024-03-01 15:50:10,"Afternoon Workout",1h 12m,"Squat (Barbell)",2,220.0,5,0,0,,,
2024-03-01 15:50:10,"Afternoon Workout",1h 12m,"Squat (Barbell)",3,264.0,5,0,0,,,
2024-03-01 15:50:10,"Afternoon Workout",1h 12m,"Squat (Barbell)",4,264.0,5,0,0,,,
2024-03-01 15:50:10,"Afternoon Workout",1h 12m,"Squat (Barbell)",5,220.0,5,0,0,,,
2024-03-01 15:50:10,"Afternoon Workout",1h 12m,"Squat (Barbell)",6,220.0,5,0,0,,,
2024-03-01 15:50:10,"Afternoon Workout",1h 12m,"Deadlift (Barbell)",1,135.0,10,0,0,"Sumo warm and cool",,
2024-03-01 15:50:10,"Afternoon Workout",1h 12m,"Deadlift (Barbell)",2,242.0,5,0,0,,,
2024-03-01 15:50:10,"Afternoon Workout",1h 12m,"Deadlift (Barbell)",3,135.0,10,0,0,,,
2024-03-01 15:50:10,"Afternoon Workout",1h 12m,"Overhead Press (Barbell)",1,88.0,5,0,0,"",,
2024-03-01 15:50:10,"Afternoon Workout",1h 12m,"Overhead Press (Barbell)",2,88.0,5,0,0,,,
2024-03-01 15:50:10,"Afternoon Workout",1h 12m,"Overhead Press (Barbell)",3,88.0,5,0,0,,,
2024-03-01 15:50:10,"Afternoon Workout",1h 12m,"Overhead Press (Barbell)",4,88.0,5,0,0,,,
2024-03-01 15:50:10,"Afternoon Workout",1h 12m,"Overhead Press (Barbell)",5,88.0,5,0,0,,,
2024-03-01 15:50:10,"Afternoon Workout",1h 12m,"Good Morning (Barbell)",1,88.0,10,0,0,"",,
2024-03-01 15:50:10,"Afternoon Workout",1h 12m,"Good Morning (Barbell)",2,88.0,10,0,0,,,
2024-03-01 15:50:10,"Afternoon Workout",1h 12m,"Good Morning (Barbell)",3,88.0,10,0,0,,,
2024-03-01 15:50:10,"Afternoon Workout",1h 12m,"Torso Rotation (Machine)",1,115.0,12,0,0,"",,
2024-03-01 15:50:10,"Afternoon Workout",1h 12m,"Torso Rotation (Machine)",2,115.0,12,0,0,,,
2024-03-01 15:50:10,"Afternoon Workout",1h 12m,"Torso Rotation (Machine)",3,115.0,12,0,0,,,
2024-03-01 15:50:10,"Afternoon Workout",1h 12m,"Crunch",1,0,60,0,0,"Bosu",,
2024-03-01 15:50:10,"Afternoon Workout",1h 12m,"Crunch",2,0,40,0,0,,,
